-- Generated by scripts/cloudflare/generate_control_plane_seed.py.

-- Source: examples/modules/*.json.

INSERT INTO modules (id, name, kind, status, current_version_id, created_at, updated_at)
VALUES ('mod-architecture-docs', 'architecture-docs', 'knowledge_scope', 'active', 'mv-architecture-docs-0-1-0', '2026-05-22T00:00:00Z', '2026-05-22T00:00:00Z')
ON CONFLICT(id) DO UPDATE SET name = excluded.name, kind = excluded.kind, status = excluded.status, current_version_id = excluded.current_version_id, created_at = excluded.created_at, updated_at = excluded.updated_at;

INSERT INTO modules (id, name, kind, status, current_version_id, created_at, updated_at)
VALUES ('mod-coding-guidelines', 'coding-guidelines', 'knowledge_scope', 'active', 'mv-coding-guidelines-0-1-0', '2026-05-22T00:00:00Z', '2026-05-22T00:00:00Z')
ON CONFLICT(id) DO UPDATE SET name = excluded.name, kind = excluded.kind, status = excluded.status, current_version_id = excluded.current_version_id, created_at = excluded.created_at, updated_at = excluded.updated_at;

INSERT INTO modules (id, name, kind, status, current_version_id, created_at, updated_at)
VALUES ('mod-filesystem-read', 'filesystem-read', 'tool', 'active', 'mv-filesystem-read-0-1-0', '2026-05-22T00:00:00Z', '2026-05-22T00:00:00Z')
ON CONFLICT(id) DO UPDATE SET name = excluded.name, kind = excluded.kind, status = excluded.status, current_version_id = excluded.current_version_id, created_at = excluded.created_at, updated_at = excluded.updated_at;

INSERT INTO modules (id, name, kind, status, current_version_id, created_at, updated_at)
VALUES ('mod-git-diff-analysis', 'git-diff-analysis', 'skill', 'active', 'mv-git-diff-analysis-0-1-0', '2026-05-22T00:00:00Z', '2026-05-22T00:00:00Z')
ON CONFLICT(id) DO UPDATE SET name = excluded.name, kind = excluded.kind, status = excluded.status, current_version_id = excluded.current_version_id, created_at = excluded.created_at, updated_at = excluded.updated_at;

INSERT INTO modules (id, name, kind, status, current_version_id, created_at, updated_at)
VALUES ('mod-git-read', 'git-read', 'tool', 'active', 'mv-git-read-0-1-0', '2026-05-22T00:00:00Z', '2026-05-22T00:00:00Z')
ON CONFLICT(id) DO UPDATE SET name = excluded.name, kind = excluded.kind, status = excluded.status, current_version_id = excluded.current_version_id, created_at = excluded.created_at, updated_at = excluded.updated_at;

INSERT INTO modules (id, name, kind, status, current_version_id, created_at, updated_at)
VALUES ('mod-no-destructive-commands', 'no-destructive-commands', 'policy', 'active', 'mv-no-destructive-commands-0-1-0', '2026-05-22T00:00:00Z', '2026-05-22T00:00:00Z')
ON CONFLICT(id) DO UPDATE SET name = excluded.name, kind = excluded.kind, status = excluded.status, current_version_id = excluded.current_version_id, created_at = excluded.created_at, updated_at = excluded.updated_at;

INSERT INTO modules (id, name, kind, status, current_version_id, created_at, updated_at)
VALUES ('mod-repository-readonly', 'repository-readonly', 'data_scope', 'active', 'mv-repository-readonly-0-1-0', '2026-05-22T00:00:00Z', '2026-05-22T00:00:00Z')
ON CONFLICT(id) DO UPDATE SET name = excluded.name, kind = excluded.kind, status = excluded.status, current_version_id = excluded.current_version_id, created_at = excluded.created_at, updated_at = excluded.updated_at;

INSERT INTO modules (id, name, kind, status, current_version_id, created_at, updated_at)
VALUES ('mod-require-file-references', 'require-file-references', 'policy', 'active', 'mv-require-file-references-0-1-0', '2026-05-22T00:00:00Z', '2026-05-22T00:00:00Z')
ON CONFLICT(id) DO UPDATE SET name = excluded.name, kind = excluded.kind, status = excluded.status, current_version_id = excluded.current_version_id, created_at = excluded.created_at, updated_at = excluded.updated_at;

INSERT INTO modules (id, name, kind, status, current_version_id, created_at, updated_at)
VALUES ('mod-review-findings-contract', 'review-findings-contract', 'validator', 'active', 'mv-review-findings-contract-0-1-0', '2026-05-22T00:00:00Z', '2026-05-22T00:00:00Z')
ON CONFLICT(id) DO UPDATE SET name = excluded.name, kind = excluded.kind, status = excluded.status, current_version_id = excluded.current_version_id, created_at = excluded.created_at, updated_at = excluded.updated_at;

INSERT INTO modules (id, name, kind, status, current_version_id, created_at, updated_at)
VALUES ('mod-test-runner', 'test-runner', 'tool', 'active', 'mv-test-runner-0-1-0', '2026-05-22T00:00:00Z', '2026-05-22T00:00:00Z')
ON CONFLICT(id) DO UPDATE SET name = excluded.name, kind = excluded.kind, status = excluded.status, current_version_id = excluded.current_version_id, created_at = excluded.created_at, updated_at = excluded.updated_at;

INSERT INTO module_versions (id, module_id, version, source_uri, checksum, selection_base_score, created_at)
VALUES ('mv-architecture-docs-0-1-0', 'mod-architecture-docs', '0.1.0', 'generated://knowledge_scope/architecture-docs', 'sha256:generated-architecture-docs', 0.5, '2026-05-22T00:00:00Z')
ON CONFLICT(id) DO UPDATE SET module_id = excluded.module_id, version = excluded.version, source_uri = excluded.source_uri, checksum = excluded.checksum, selection_base_score = excluded.selection_base_score, created_at = excluded.created_at;

INSERT INTO module_versions (id, module_id, version, source_uri, checksum, selection_base_score, created_at)
VALUES ('mv-coding-guidelines-0-1-0', 'mod-coding-guidelines', '0.1.0', 'generated://knowledge_scope/coding-guidelines', 'sha256:generated-coding-guidelines', 0.5, '2026-05-22T00:00:00Z')
ON CONFLICT(id) DO UPDATE SET module_id = excluded.module_id, version = excluded.version, source_uri = excluded.source_uri, checksum = excluded.checksum, selection_base_score = excluded.selection_base_score, created_at = excluded.created_at;

INSERT INTO module_versions (id, module_id, version, source_uri, checksum, selection_base_score, created_at)
VALUES ('mv-filesystem-read-0-1-0', 'mod-filesystem-read', '0.1.0', 'generated://tool/filesystem-read', 'sha256:generated-filesystem-read', 0.5, '2026-05-22T00:00:00Z')
ON CONFLICT(id) DO UPDATE SET module_id = excluded.module_id, version = excluded.version, source_uri = excluded.source_uri, checksum = excluded.checksum, selection_base_score = excluded.selection_base_score, created_at = excluded.created_at;

INSERT INTO module_versions (id, module_id, version, source_uri, checksum, selection_base_score, created_at)
VALUES ('mv-git-diff-analysis-0-1-0', 'mod-git-diff-analysis', '0.1.0', 'repo://examples/modules/git-diff-analysis.json', 'sha256:8115dc5b92dce9da8e5733d674e0afebfcfac46ae99191bc577745f3932255b7', 0.74, '2026-05-22T00:00:00Z')
ON CONFLICT(id) DO UPDATE SET module_id = excluded.module_id, version = excluded.version, source_uri = excluded.source_uri, checksum = excluded.checksum, selection_base_score = excluded.selection_base_score, created_at = excluded.created_at;

INSERT INTO module_versions (id, module_id, version, source_uri, checksum, selection_base_score, created_at)
VALUES ('mv-git-read-0-1-0', 'mod-git-read', '0.1.0', 'generated://tool/git-read', 'sha256:generated-git-read', 0.5, '2026-05-22T00:00:00Z')
ON CONFLICT(id) DO UPDATE SET module_id = excluded.module_id, version = excluded.version, source_uri = excluded.source_uri, checksum = excluded.checksum, selection_base_score = excluded.selection_base_score, created_at = excluded.created_at;

INSERT INTO module_versions (id, module_id, version, source_uri, checksum, selection_base_score, created_at)
VALUES ('mv-no-destructive-commands-0-1-0', 'mod-no-destructive-commands', '0.1.0', 'generated://policy/no-destructive-commands', 'sha256:generated-no-destructive-commands', 1.0, '2026-05-22T00:00:00Z')
ON CONFLICT(id) DO UPDATE SET module_id = excluded.module_id, version = excluded.version, source_uri = excluded.source_uri, checksum = excluded.checksum, selection_base_score = excluded.selection_base_score, created_at = excluded.created_at;

INSERT INTO module_versions (id, module_id, version, source_uri, checksum, selection_base_score, created_at)
VALUES ('mv-repository-readonly-0-1-0', 'mod-repository-readonly', '0.1.0', 'generated://data_scope/repository-readonly', 'sha256:generated-repository-readonly', 0.5, '2026-05-22T00:00:00Z')
ON CONFLICT(id) DO UPDATE SET module_id = excluded.module_id, version = excluded.version, source_uri = excluded.source_uri, checksum = excluded.checksum, selection_base_score = excluded.selection_base_score, created_at = excluded.created_at;

INSERT INTO module_versions (id, module_id, version, source_uri, checksum, selection_base_score, created_at)
VALUES ('mv-require-file-references-0-1-0', 'mod-require-file-references', '0.1.0', 'generated://policy/require-file-references', 'sha256:generated-require-file-references', 1.0, '2026-05-22T00:00:00Z')
ON CONFLICT(id) DO UPDATE SET module_id = excluded.module_id, version = excluded.version, source_uri = excluded.source_uri, checksum = excluded.checksum, selection_base_score = excluded.selection_base_score, created_at = excluded.created_at;

INSERT INTO module_versions (id, module_id, version, source_uri, checksum, selection_base_score, created_at)
VALUES ('mv-review-findings-contract-0-1-0', 'mod-review-findings-contract', '0.1.0', 'generated://validator/review-findings-contract', 'sha256:generated-review-findings-contract', 0.5, '2026-05-22T00:00:00Z')
ON CONFLICT(id) DO UPDATE SET module_id = excluded.module_id, version = excluded.version, source_uri = excluded.source_uri, checksum = excluded.checksum, selection_base_score = excluded.selection_base_score, created_at = excluded.created_at;

INSERT INTO module_versions (id, module_id, version, source_uri, checksum, selection_base_score, created_at)
VALUES ('mv-test-runner-0-1-0', 'mod-test-runner', '0.1.0', 'generated://tool/test-runner', 'sha256:generated-test-runner', 0.5, '2026-05-22T00:00:00Z')
ON CONFLICT(id) DO UPDATE SET module_id = excluded.module_id, version = excluded.version, source_uri = excluded.source_uri, checksum = excluded.checksum, selection_base_score = excluded.selection_base_score, created_at = excluded.created_at;

INSERT INTO module_selection_metadata (id, module_version_id, description, capability_class, domain_tags_json, task_types_json, risk_levels_json, task_domains_json, required_inputs_json, phrases_json, negative_phrases_json, triggers_json, inputs_json, outputs_json, score_modifiers_json, requires_all_policies)
VALUES ('msm-architecture-docs-0-1-0', 'mv-architecture-docs-0-1-0', 'Generated knowledge_scope module for architecture-docs.', 'knowledge_access', '["git","software-engineering"]', '["code-review"]', '["low","medium"]', '["git","software-engineering"]', '[]', '["architecture-docs"]', '[]', '["architecture-docs"]', '[]', '["architecture-docs-output"]', '[]', 0)
ON CONFLICT(id) DO UPDATE SET module_version_id = excluded.module_version_id, description = excluded.description, capability_class = excluded.capability_class, domain_tags_json = excluded.domain_tags_json, task_types_json = excluded.task_types_json, risk_levels_json = excluded.risk_levels_json, task_domains_json = excluded.task_domains_json, required_inputs_json = excluded.required_inputs_json, phrases_json = excluded.phrases_json, negative_phrases_json = excluded.negative_phrases_json, triggers_json = excluded.triggers_json, inputs_json = excluded.inputs_json, outputs_json = excluded.outputs_json, score_modifiers_json = excluded.score_modifiers_json, requires_all_policies = excluded.requires_all_policies;

INSERT INTO module_selection_metadata (id, module_version_id, description, capability_class, domain_tags_json, task_types_json, risk_levels_json, task_domains_json, required_inputs_json, phrases_json, negative_phrases_json, triggers_json, inputs_json, outputs_json, score_modifiers_json, requires_all_policies)
VALUES ('msm-coding-guidelines-0-1-0', 'mv-coding-guidelines-0-1-0', 'Generated knowledge_scope module for coding-guidelines.', 'knowledge_access', '["git","software-engineering"]', '["code-review"]', '["low","medium"]', '["git","software-engineering"]', '[]', '["coding-guidelines"]', '[]', '["coding-guidelines"]', '[]', '["coding-guidelines-output"]', '[]', 0)
ON CONFLICT(id) DO UPDATE SET module_version_id = excluded.module_version_id, description = excluded.description, capability_class = excluded.capability_class, domain_tags_json = excluded.domain_tags_json, task_types_json = excluded.task_types_json, risk_levels_json = excluded.risk_levels_json, task_domains_json = excluded.task_domains_json, required_inputs_json = excluded.required_inputs_json, phrases_json = excluded.phrases_json, negative_phrases_json = excluded.negative_phrases_json, triggers_json = excluded.triggers_json, inputs_json = excluded.inputs_json, outputs_json = excluded.outputs_json, score_modifiers_json = excluded.score_modifiers_json, requires_all_policies = excluded.requires_all_policies;

INSERT INTO module_selection_metadata (id, module_version_id, description, capability_class, domain_tags_json, task_types_json, risk_levels_json, task_domains_json, required_inputs_json, phrases_json, negative_phrases_json, triggers_json, inputs_json, outputs_json, score_modifiers_json, requires_all_policies)
VALUES ('msm-filesystem-read-0-1-0', 'mv-filesystem-read-0-1-0', 'Generated tool module for filesystem-read.', 'tool_access', '[]', '[]', '[]', '[]', '[]', '["filesystem-read"]', '[]', '["filesystem-read"]', '[]', '["filesystem-read-output"]', '[]', 0)
ON CONFLICT(id) DO UPDATE SET module_version_id = excluded.module_version_id, description = excluded.description, capability_class = excluded.capability_class, domain_tags_json = excluded.domain_tags_json, task_types_json = excluded.task_types_json, risk_levels_json = excluded.risk_levels_json, task_domains_json = excluded.task_domains_json, required_inputs_json = excluded.required_inputs_json, phrases_json = excluded.phrases_json, negative_phrases_json = excluded.negative_phrases_json, triggers_json = excluded.triggers_json, inputs_json = excluded.inputs_json, outputs_json = excluded.outputs_json, score_modifiers_json = excluded.score_modifiers_json, requires_all_policies = excluded.requires_all_policies;

INSERT INTO module_selection_metadata (id, module_version_id, description, capability_class, domain_tags_json, task_types_json, risk_levels_json, task_domains_json, required_inputs_json, phrases_json, negative_phrases_json, triggers_json, inputs_json, outputs_json, score_modifiers_json, requires_all_policies)
VALUES ('msm-git-diff-analysis-0-1-0', 'mv-git-diff-analysis-0-1-0', 'Analyze git diffs for behavioral changes, regressions, and review-relevant risks.', 'analysis', '["code-review","git","software-engineering"]', '["code-review"]', '["low","medium"]', '["git","software-engineering"]', '["diff","repository"]', '["commit","diff","pull request","review"]', '["apply changes","delete","deploy"]', '["commit","diff","pull request","review"]', '["diff","repository"]', '["findings","review-summary"]', '[{"reason":"Code review tasks require diff-oriented change analysis.","signal":"task_type:code-review","weight":0.18},{"reason":"The module is more reliable when a concrete diff is available.","signal":"input:diff","weight":0.08},{"reason":"Deployment requests should not select review-only analysis as an execution capability.","signal":"phrase:deploy","weight":-0.25}]', 1)
ON CONFLICT(id) DO UPDATE SET module_version_id = excluded.module_version_id, description = excluded.description, capability_class = excluded.capability_class, domain_tags_json = excluded.domain_tags_json, task_types_json = excluded.task_types_json, risk_levels_json = excluded.risk_levels_json, task_domains_json = excluded.task_domains_json, required_inputs_json = excluded.required_inputs_json, phrases_json = excluded.phrases_json, negative_phrases_json = excluded.negative_phrases_json, triggers_json = excluded.triggers_json, inputs_json = excluded.inputs_json, outputs_json = excluded.outputs_json, score_modifiers_json = excluded.score_modifiers_json, requires_all_policies = excluded.requires_all_policies;

INSERT INTO module_selection_metadata (id, module_version_id, description, capability_class, domain_tags_json, task_types_json, risk_levels_json, task_domains_json, required_inputs_json, phrases_json, negative_phrases_json, triggers_json, inputs_json, outputs_json, score_modifiers_json, requires_all_policies)
VALUES ('msm-git-read-0-1-0', 'mv-git-read-0-1-0', 'Generated tool module for git-read.', 'tool_access', '[]', '[]', '[]', '[]', '[]', '["git-read"]', '[]', '["git-read"]', '[]', '["git-read-output"]', '[]', 0)
ON CONFLICT(id) DO UPDATE SET module_version_id = excluded.module_version_id, description = excluded.description, capability_class = excluded.capability_class, domain_tags_json = excluded.domain_tags_json, task_types_json = excluded.task_types_json, risk_levels_json = excluded.risk_levels_json, task_domains_json = excluded.task_domains_json, required_inputs_json = excluded.required_inputs_json, phrases_json = excluded.phrases_json, negative_phrases_json = excluded.negative_phrases_json, triggers_json = excluded.triggers_json, inputs_json = excluded.inputs_json, outputs_json = excluded.outputs_json, score_modifiers_json = excluded.score_modifiers_json, requires_all_policies = excluded.requires_all_policies;

INSERT INTO module_selection_metadata (id, module_version_id, description, capability_class, domain_tags_json, task_types_json, risk_levels_json, task_domains_json, required_inputs_json, phrases_json, negative_phrases_json, triggers_json, inputs_json, outputs_json, score_modifiers_json, requires_all_policies)
VALUES ('msm-no-destructive-commands-0-1-0', 'mv-no-destructive-commands-0-1-0', 'Generated policy module for no-destructive-commands.', 'policy', '[]', '[]', '[]', '[]', '[]', '["no-destructive-commands"]', '[]', '["no-destructive-commands"]', '[]', '["no-destructive-commands-output"]', '[]', 0)
ON CONFLICT(id) DO UPDATE SET module_version_id = excluded.module_version_id, description = excluded.description, capability_class = excluded.capability_class, domain_tags_json = excluded.domain_tags_json, task_types_json = excluded.task_types_json, risk_levels_json = excluded.risk_levels_json, task_domains_json = excluded.task_domains_json, required_inputs_json = excluded.required_inputs_json, phrases_json = excluded.phrases_json, negative_phrases_json = excluded.negative_phrases_json, triggers_json = excluded.triggers_json, inputs_json = excluded.inputs_json, outputs_json = excluded.outputs_json, score_modifiers_json = excluded.score_modifiers_json, requires_all_policies = excluded.requires_all_policies;

INSERT INTO module_selection_metadata (id, module_version_id, description, capability_class, domain_tags_json, task_types_json, risk_levels_json, task_domains_json, required_inputs_json, phrases_json, negative_phrases_json, triggers_json, inputs_json, outputs_json, score_modifiers_json, requires_all_policies)
VALUES ('msm-repository-readonly-0-1-0', 'mv-repository-readonly-0-1-0', 'Generated data_scope module for repository-readonly.', 'data_access', '["git","software-engineering"]', '["code-review"]', '["low","medium"]', '["git","software-engineering"]', '[]', '["repository-readonly"]', '[]', '["repository-readonly"]', '[]', '["repository-readonly-output"]', '[]', 0)
ON CONFLICT(id) DO UPDATE SET module_version_id = excluded.module_version_id, description = excluded.description, capability_class = excluded.capability_class, domain_tags_json = excluded.domain_tags_json, task_types_json = excluded.task_types_json, risk_levels_json = excluded.risk_levels_json, task_domains_json = excluded.task_domains_json, required_inputs_json = excluded.required_inputs_json, phrases_json = excluded.phrases_json, negative_phrases_json = excluded.negative_phrases_json, triggers_json = excluded.triggers_json, inputs_json = excluded.inputs_json, outputs_json = excluded.outputs_json, score_modifiers_json = excluded.score_modifiers_json, requires_all_policies = excluded.requires_all_policies;

INSERT INTO module_selection_metadata (id, module_version_id, description, capability_class, domain_tags_json, task_types_json, risk_levels_json, task_domains_json, required_inputs_json, phrases_json, negative_phrases_json, triggers_json, inputs_json, outputs_json, score_modifiers_json, requires_all_policies)
VALUES ('msm-require-file-references-0-1-0', 'mv-require-file-references-0-1-0', 'Generated policy module for require-file-references.', 'policy', '[]', '[]', '[]', '[]', '[]', '["require-file-references"]', '[]', '["require-file-references"]', '[]', '["require-file-references-output"]', '[]', 0)
ON CONFLICT(id) DO UPDATE SET module_version_id = excluded.module_version_id, description = excluded.description, capability_class = excluded.capability_class, domain_tags_json = excluded.domain_tags_json, task_types_json = excluded.task_types_json, risk_levels_json = excluded.risk_levels_json, task_domains_json = excluded.task_domains_json, required_inputs_json = excluded.required_inputs_json, phrases_json = excluded.phrases_json, negative_phrases_json = excluded.negative_phrases_json, triggers_json = excluded.triggers_json, inputs_json = excluded.inputs_json, outputs_json = excluded.outputs_json, score_modifiers_json = excluded.score_modifiers_json, requires_all_policies = excluded.requires_all_policies;

INSERT INTO module_selection_metadata (id, module_version_id, description, capability_class, domain_tags_json, task_types_json, risk_levels_json, task_domains_json, required_inputs_json, phrases_json, negative_phrases_json, triggers_json, inputs_json, outputs_json, score_modifiers_json, requires_all_policies)
VALUES ('msm-review-findings-contract-0-1-0', 'mv-review-findings-contract-0-1-0', 'Generated validator module for review-findings-contract.', 'validation', '[]', '[]', '[]', '[]', '[]', '["review-findings-contract"]', '[]', '["review-findings-contract"]', '[]', '["review-findings-contract-output"]', '[]', 0)
ON CONFLICT(id) DO UPDATE SET module_version_id = excluded.module_version_id, description = excluded.description, capability_class = excluded.capability_class, domain_tags_json = excluded.domain_tags_json, task_types_json = excluded.task_types_json, risk_levels_json = excluded.risk_levels_json, task_domains_json = excluded.task_domains_json, required_inputs_json = excluded.required_inputs_json, phrases_json = excluded.phrases_json, negative_phrases_json = excluded.negative_phrases_json, triggers_json = excluded.triggers_json, inputs_json = excluded.inputs_json, outputs_json = excluded.outputs_json, score_modifiers_json = excluded.score_modifiers_json, requires_all_policies = excluded.requires_all_policies;

INSERT INTO module_selection_metadata (id, module_version_id, description, capability_class, domain_tags_json, task_types_json, risk_levels_json, task_domains_json, required_inputs_json, phrases_json, negative_phrases_json, triggers_json, inputs_json, outputs_json, score_modifiers_json, requires_all_policies)
VALUES ('msm-test-runner-0-1-0', 'mv-test-runner-0-1-0', 'Generated tool module for test-runner.', 'tool_access', '[]', '[]', '[]', '[]', '[]', '["test-runner"]', '[]', '["test-runner"]', '[]', '["test-runner-output"]', '[]', 0)
ON CONFLICT(id) DO UPDATE SET module_version_id = excluded.module_version_id, description = excluded.description, capability_class = excluded.capability_class, domain_tags_json = excluded.domain_tags_json, task_types_json = excluded.task_types_json, risk_levels_json = excluded.risk_levels_json, task_domains_json = excluded.task_domains_json, required_inputs_json = excluded.required_inputs_json, phrases_json = excluded.phrases_json, negative_phrases_json = excluded.negative_phrases_json, triggers_json = excluded.triggers_json, inputs_json = excluded.inputs_json, outputs_json = excluded.outputs_json, score_modifiers_json = excluded.score_modifiers_json, requires_all_policies = excluded.requires_all_policies;

INSERT INTO module_dependencies (id, module_version_id, dependency_kind, dependency_id, is_required)
VALUES ('dep-git-diff-analysis-data-scopes-repository-readonly', 'mv-git-diff-analysis-0-1-0', 'data_scope', 'mod-repository-readonly', 1)
ON CONFLICT(id) DO UPDATE SET module_version_id = excluded.module_version_id, dependency_kind = excluded.dependency_kind, dependency_id = excluded.dependency_id, is_required = excluded.is_required;

INSERT INTO module_dependencies (id, module_version_id, dependency_kind, dependency_id, is_required)
VALUES ('dep-git-diff-analysis-knowledge-scopes-architecture-docs', 'mv-git-diff-analysis-0-1-0', 'knowledge_scope', 'mod-architecture-docs', 1)
ON CONFLICT(id) DO UPDATE SET module_version_id = excluded.module_version_id, dependency_kind = excluded.dependency_kind, dependency_id = excluded.dependency_id, is_required = excluded.is_required;

INSERT INTO module_dependencies (id, module_version_id, dependency_kind, dependency_id, is_required)
VALUES ('dep-git-diff-analysis-knowledge-scopes-coding-guidelines', 'mv-git-diff-analysis-0-1-0', 'knowledge_scope', 'mod-coding-guidelines', 1)
ON CONFLICT(id) DO UPDATE SET module_version_id = excluded.module_version_id, dependency_kind = excluded.dependency_kind, dependency_id = excluded.dependency_id, is_required = excluded.is_required;

INSERT INTO module_dependencies (id, module_version_id, dependency_kind, dependency_id, is_required)
VALUES ('dep-git-diff-analysis-optional-tools-test-runner', 'mv-git-diff-analysis-0-1-0', 'tool', 'mod-test-runner', 0)
ON CONFLICT(id) DO UPDATE SET module_version_id = excluded.module_version_id, dependency_kind = excluded.dependency_kind, dependency_id = excluded.dependency_id, is_required = excluded.is_required;

INSERT INTO module_dependencies (id, module_version_id, dependency_kind, dependency_id, is_required)
VALUES ('dep-git-diff-analysis-policies-no-destructive-commands', 'mv-git-diff-analysis-0-1-0', 'policy', 'mod-no-destructive-commands', 1)
ON CONFLICT(id) DO UPDATE SET module_version_id = excluded.module_version_id, dependency_kind = excluded.dependency_kind, dependency_id = excluded.dependency_id, is_required = excluded.is_required;

INSERT INTO module_dependencies (id, module_version_id, dependency_kind, dependency_id, is_required)
VALUES ('dep-git-diff-analysis-policies-require-file-references', 'mv-git-diff-analysis-0-1-0', 'policy', 'mod-require-file-references', 1)
ON CONFLICT(id) DO UPDATE SET module_version_id = excluded.module_version_id, dependency_kind = excluded.dependency_kind, dependency_id = excluded.dependency_id, is_required = excluded.is_required;

INSERT INTO module_dependencies (id, module_version_id, dependency_kind, dependency_id, is_required)
VALUES ('dep-git-diff-analysis-required-tools-filesystem-read', 'mv-git-diff-analysis-0-1-0', 'tool', 'mod-filesystem-read', 1)
ON CONFLICT(id) DO UPDATE SET module_version_id = excluded.module_version_id, dependency_kind = excluded.dependency_kind, dependency_id = excluded.dependency_id, is_required = excluded.is_required;

INSERT INTO module_dependencies (id, module_version_id, dependency_kind, dependency_id, is_required)
VALUES ('dep-git-diff-analysis-required-tools-git-read', 'mv-git-diff-analysis-0-1-0', 'tool', 'mod-git-read', 1)
ON CONFLICT(id) DO UPDATE SET module_version_id = excluded.module_version_id, dependency_kind = excluded.dependency_kind, dependency_id = excluded.dependency_id, is_required = excluded.is_required;

INSERT INTO module_dependencies (id, module_version_id, dependency_kind, dependency_id, is_required)
VALUES ('dep-git-diff-analysis-validators-review-findings-contract', 'mv-git-diff-analysis-0-1-0', 'validator', 'mod-review-findings-contract', 1)
ON CONFLICT(id) DO UPDATE SET module_version_id = excluded.module_version_id, dependency_kind = excluded.dependency_kind, dependency_id = excluded.dependency_id, is_required = excluded.is_required;

INSERT INTO policy_bindings (id, policy_id, target_kind, target_id, effect, priority)
VALUES ('pb-no-destructive-commands-git-diff-analysis', 'mod-no-destructive-commands', 'module', 'mod-git-diff-analysis', 'allow', 100)
ON CONFLICT(id) DO UPDATE SET policy_id = excluded.policy_id, target_kind = excluded.target_kind, target_id = excluded.target_id, effect = excluded.effect, priority = excluded.priority;

INSERT INTO policy_bindings (id, policy_id, target_kind, target_id, effect, priority)
VALUES ('pb-require-file-references-git-diff-analysis', 'mod-require-file-references', 'module', 'mod-git-diff-analysis', 'allow', 100)
ON CONFLICT(id) DO UPDATE SET policy_id = excluded.policy_id, target_kind = excluded.target_kind, target_id = excluded.target_id, effect = excluded.effect, priority = excluded.priority;

INSERT INTO scope_bindings (id, scope_id, scope_kind, principal_kind, principal_id, policy_id, effect)
VALUES ('sb-repository-maintainer-architecture-docs', 'mod-architecture-docs', 'knowledge_scope', 'role', 'repository-maintainer', 'mod-no-destructive-commands', 'allow')
ON CONFLICT(id) DO UPDATE SET scope_id = excluded.scope_id, scope_kind = excluded.scope_kind, principal_kind = excluded.principal_kind, principal_id = excluded.principal_id, policy_id = excluded.policy_id, effect = excluded.effect;

INSERT INTO scope_bindings (id, scope_id, scope_kind, principal_kind, principal_id, policy_id, effect)
VALUES ('sb-repository-maintainer-coding-guidelines', 'mod-coding-guidelines', 'knowledge_scope', 'role', 'repository-maintainer', 'mod-no-destructive-commands', 'allow')
ON CONFLICT(id) DO UPDATE SET scope_id = excluded.scope_id, scope_kind = excluded.scope_kind, principal_kind = excluded.principal_kind, principal_id = excluded.principal_id, policy_id = excluded.policy_id, effect = excluded.effect;

INSERT INTO scope_bindings (id, scope_id, scope_kind, principal_kind, principal_id, policy_id, effect)
VALUES ('sb-repository-maintainer-repository-readonly', 'mod-repository-readonly', 'data_scope', 'role', 'repository-maintainer', 'mod-no-destructive-commands', 'allow')
ON CONFLICT(id) DO UPDATE SET scope_id = excluded.scope_id, scope_kind = excluded.scope_kind, principal_kind = excluded.principal_kind, principal_id = excluded.principal_id, policy_id = excluded.policy_id, effect = excluded.effect;
