-- Generated by scripts/cloudflare/generate_control_plane_seed.py.

-- Source: examples/modules/*.json.

INSERT INTO modules (id, name, kind, status, current_version_id, created_at, updated_at)
VALUES ('mod-architecture-docs', 'architecture-docs', 'knowledge_scope', 'active', 'mv-architecture-docs-0-1-0', '2026-05-22T00:00:00Z', '2026-05-22T00:00:00Z')
ON CONFLICT(id) DO UPDATE SET name = excluded.name, kind = excluded.kind, status = excluded.status, current_version_id = excluded.current_version_id, created_at = excluded.created_at, updated_at = excluded.updated_at;

INSERT INTO modules (id, name, kind, status, current_version_id, created_at, updated_at)
VALUES ('mod-coding-guidelines', 'coding-guidelines', 'knowledge_scope', 'active', 'mv-coding-guidelines-0-1-0', '2026-05-22T00:00:00Z', '2026-05-22T00:00:00Z')
ON CONFLICT(id) DO UPDATE SET name = excluded.name, kind = excluded.kind, status = excluded.status, current_version_id = excluded.current_version_id, created_at = excluded.created_at, updated_at = excluded.updated_at;

INSERT INTO modules (id, name, kind, status, current_version_id, created_at, updated_at)
VALUES ('mod-dependency-audit', 'dependency-audit', 'skill', 'active', 'mv-dependency-audit-0-1-0', '2026-05-22T00:00:00Z', '2026-05-22T00:00:00Z')
ON CONFLICT(id) DO UPDATE SET name = excluded.name, kind = excluded.kind, status = excluded.status, current_version_id = excluded.current_version_id, created_at = excluded.created_at, updated_at = excluded.updated_at;

INSERT INTO modules (id, name, kind, status, current_version_id, created_at, updated_at)
VALUES ('mod-document-synthesis', 'document-synthesis', 'skill', 'active', 'mv-document-synthesis-0-1-0', '2026-05-22T00:00:00Z', '2026-05-22T00:00:00Z')
ON CONFLICT(id) DO UPDATE SET name = excluded.name, kind = excluded.kind, status = excluded.status, current_version_id = excluded.current_version_id, created_at = excluded.created_at, updated_at = excluded.updated_at;

INSERT INTO modules (id, name, kind, status, current_version_id, created_at, updated_at)
VALUES ('mod-filesystem-list', 'filesystem-list', 'tool', 'active', 'mv-filesystem-list-0-1-0', '2026-05-22T00:00:00Z', '2026-05-22T00:00:00Z')
ON CONFLICT(id) DO UPDATE SET name = excluded.name, kind = excluded.kind, status = excluded.status, current_version_id = excluded.current_version_id, created_at = excluded.created_at, updated_at = excluded.updated_at;

INSERT INTO modules (id, name, kind, status, current_version_id, created_at, updated_at)
VALUES ('mod-filesystem-read', 'filesystem-read', 'tool', 'active', 'mv-filesystem-read-0-1-0', '2026-05-22T00:00:00Z', '2026-05-22T00:00:00Z')
ON CONFLICT(id) DO UPDATE SET name = excluded.name, kind = excluded.kind, status = excluded.status, current_version_id = excluded.current_version_id, created_at = excluded.created_at, updated_at = excluded.updated_at;

INSERT INTO modules (id, name, kind, status, current_version_id, created_at, updated_at)
VALUES ('mod-general-output-contract', 'general-output-contract', 'validator', 'active', 'mv-general-output-contract-0-1-0', '2026-05-22T00:00:00Z', '2026-05-22T00:00:00Z')
ON CONFLICT(id) DO UPDATE SET name = excluded.name, kind = excluded.kind, status = excluded.status, current_version_id = excluded.current_version_id, created_at = excluded.created_at, updated_at = excluded.updated_at;

INSERT INTO modules (id, name, kind, status, current_version_id, created_at, updated_at)
VALUES ('mod-general-task-summary', 'general-task-summary', 'skill', 'active', 'mv-general-task-summary-0-1-0', '2026-05-22T00:00:00Z', '2026-05-22T00:00:00Z')
ON CONFLICT(id) DO UPDATE SET name = excluded.name, kind = excluded.kind, status = excluded.status, current_version_id = excluded.current_version_id, created_at = excluded.created_at, updated_at = excluded.updated_at;

INSERT INTO modules (id, name, kind, status, current_version_id, created_at, updated_at)
VALUES ('mod-git-diff-analysis', 'git-diff-analysis', 'skill', 'active', 'mv-git-diff-analysis-0-1-0', '2026-05-22T00:00:00Z', '2026-05-22T00:00:00Z')
ON CONFLICT(id) DO UPDATE SET name = excluded.name, kind = excluded.kind, status = excluded.status, current_version_id = excluded.current_version_id, created_at = excluded.created_at, updated_at = excluded.updated_at;

INSERT INTO modules (id, name, kind, status, current_version_id, created_at, updated_at)
VALUES ('mod-git-read', 'git-read', 'tool', 'active', 'mv-git-read-0-1-0', '2026-05-22T00:00:00Z', '2026-05-22T00:00:00Z')
ON CONFLICT(id) DO UPDATE SET name = excluded.name, kind = excluded.kind, status = excluded.status, current_version_id = excluded.current_version_id, created_at = excluded.created_at, updated_at = excluded.updated_at;

INSERT INTO modules (id, name, kind, status, current_version_id, created_at, updated_at)
VALUES ('mod-no-destructive-commands', 'no-destructive-commands', 'policy', 'active', 'mv-no-destructive-commands-0-1-0', '2026-05-22T00:00:00Z', '2026-05-22T00:00:00Z')
ON CONFLICT(id) DO UPDATE SET name = excluded.name, kind = excluded.kind, status = excluded.status, current_version_id = excluded.current_version_id, created_at = excluded.created_at, updated_at = excluded.updated_at;

INSERT INTO modules (id, name, kind, status, current_version_id, created_at, updated_at)
VALUES ('mod-project-memory', 'project-memory', 'memory_scope', 'active', 'mv-project-memory-0-1-0', '2026-05-22T00:00:00Z', '2026-05-22T00:00:00Z')
ON CONFLICT(id) DO UPDATE SET name = excluded.name, kind = excluded.kind, status = excluded.status, current_version_id = excluded.current_version_id, created_at = excluded.created_at, updated_at = excluded.updated_at;

INSERT INTO modules (id, name, kind, status, current_version_id, created_at, updated_at)
VALUES ('mod-repository-readonly', 'repository-readonly', 'data_scope', 'active', 'mv-repository-readonly-0-1-0', '2026-05-22T00:00:00Z', '2026-05-22T00:00:00Z')
ON CONFLICT(id) DO UPDATE SET name = excluded.name, kind = excluded.kind, status = excluded.status, current_version_id = excluded.current_version_id, created_at = excluded.created_at, updated_at = excluded.updated_at;

INSERT INTO modules (id, name, kind, status, current_version_id, created_at, updated_at)
VALUES ('mod-require-file-references', 'require-file-references', 'policy', 'active', 'mv-require-file-references-0-1-0', '2026-05-22T00:00:00Z', '2026-05-22T00:00:00Z')
ON CONFLICT(id) DO UPDATE SET name = excluded.name, kind = excluded.kind, status = excluded.status, current_version_id = excluded.current_version_id, created_at = excluded.created_at, updated_at = excluded.updated_at;

INSERT INTO modules (id, name, kind, status, current_version_id, created_at, updated_at)
VALUES ('mod-research-context-synthesis', 'research-context-synthesis', 'skill', 'active', 'mv-research-context-synthesis-0-1-0', '2026-05-22T00:00:00Z', '2026-05-22T00:00:00Z')
ON CONFLICT(id) DO UPDATE SET name = excluded.name, kind = excluded.kind, status = excluded.status, current_version_id = excluded.current_version_id, created_at = excluded.created_at, updated_at = excluded.updated_at;

INSERT INTO modules (id, name, kind, status, current_version_id, created_at, updated_at)
VALUES ('mod-research-output-contract', 'research-output-contract', 'validator', 'active', 'mv-research-output-contract-0-1-0', '2026-05-22T00:00:00Z', '2026-05-22T00:00:00Z')
ON CONFLICT(id) DO UPDATE SET name = excluded.name, kind = excluded.kind, status = excluded.status, current_version_id = excluded.current_version_id, created_at = excluded.created_at, updated_at = excluded.updated_at;

INSERT INTO modules (id, name, kind, status, current_version_id, created_at, updated_at)
VALUES ('mod-review-findings-contract', 'review-findings-contract', 'validator', 'active', 'mv-review-findings-contract-0-1-0', '2026-05-22T00:00:00Z', '2026-05-22T00:00:00Z')
ON CONFLICT(id) DO UPDATE SET name = excluded.name, kind = excluded.kind, status = excluded.status, current_version_id = excluded.current_version_id, created_at = excluded.created_at, updated_at = excluded.updated_at;

INSERT INTO modules (id, name, kind, status, current_version_id, created_at, updated_at)
VALUES ('mod-task-execution-output-contract', 'task-execution-output-contract', 'validator', 'active', 'mv-task-execution-output-contract-0-1-0', '2026-05-22T00:00:00Z', '2026-05-22T00:00:00Z')
ON CONFLICT(id) DO UPDATE SET name = excluded.name, kind = excluded.kind, status = excluded.status, current_version_id = excluded.current_version_id, created_at = excluded.created_at, updated_at = excluded.updated_at;

INSERT INTO modules (id, name, kind, status, current_version_id, created_at, updated_at)
VALUES ('mod-task-execution-planning', 'task-execution-planning', 'skill', 'active', 'mv-task-execution-planning-0-1-0', '2026-05-22T00:00:00Z', '2026-05-22T00:00:00Z')
ON CONFLICT(id) DO UPDATE SET name = excluded.name, kind = excluded.kind, status = excluded.status, current_version_id = excluded.current_version_id, created_at = excluded.created_at, updated_at = excluded.updated_at;

INSERT INTO modules (id, name, kind, status, current_version_id, created_at, updated_at)
VALUES ('mod-test-runner', 'test-runner', 'tool', 'active', 'mv-test-runner-0-1-0', '2026-05-22T00:00:00Z', '2026-05-22T00:00:00Z')
ON CONFLICT(id) DO UPDATE SET name = excluded.name, kind = excluded.kind, status = excluded.status, current_version_id = excluded.current_version_id, created_at = excluded.created_at, updated_at = excluded.updated_at;

INSERT INTO module_versions (id, module_id, version, source_uri, checksum, selection_base_score, created_at)
VALUES ('mv-architecture-docs-0-1-0', 'mod-architecture-docs', '0.1.0', 'generated://knowledge_scope/architecture-docs', 'sha256:generated-architecture-docs', 0.5, '2026-05-22T00:00:00Z')
ON CONFLICT(id) DO UPDATE SET module_id = excluded.module_id, version = excluded.version, source_uri = excluded.source_uri, checksum = excluded.checksum, selection_base_score = excluded.selection_base_score, created_at = excluded.created_at;

INSERT INTO module_versions (id, module_id, version, source_uri, checksum, selection_base_score, created_at)
VALUES ('mv-coding-guidelines-0-1-0', 'mod-coding-guidelines', '0.1.0', 'generated://knowledge_scope/coding-guidelines', 'sha256:generated-coding-guidelines', 0.5, '2026-05-22T00:00:00Z')
ON CONFLICT(id) DO UPDATE SET module_id = excluded.module_id, version = excluded.version, source_uri = excluded.source_uri, checksum = excluded.checksum, selection_base_score = excluded.selection_base_score, created_at = excluded.created_at;

INSERT INTO module_versions (id, module_id, version, source_uri, checksum, selection_base_score, created_at)
VALUES ('mv-dependency-audit-0-1-0', 'mod-dependency-audit', '0.1.0', 'repo://examples/modules/dependency-audit.json', 'sha256:47859942067d4fd0a8e7ac635d0dd62e8f6caf6c1497dd997b4c40ac661e3775', 0.69, '2026-05-22T00:00:00Z')
ON CONFLICT(id) DO UPDATE SET module_id = excluded.module_id, version = excluded.version, source_uri = excluded.source_uri, checksum = excluded.checksum, selection_base_score = excluded.selection_base_score, created_at = excluded.created_at;

INSERT INTO module_versions (id, module_id, version, source_uri, checksum, selection_base_score, created_at)
VALUES ('mv-document-synthesis-0-1-0', 'mod-document-synthesis', '0.1.0', 'repo://examples/modules/document-synthesis.json', 'sha256:67289750aa5426139cc679000b81ab7fcdc9d030bb00a76680ce0bf3b0f646e2', 0.66, '2026-05-22T00:00:00Z')
ON CONFLICT(id) DO UPDATE SET module_id = excluded.module_id, version = excluded.version, source_uri = excluded.source_uri, checksum = excluded.checksum, selection_base_score = excluded.selection_base_score, created_at = excluded.created_at;

INSERT INTO module_versions (id, module_id, version, source_uri, checksum, selection_base_score, created_at)
VALUES ('mv-filesystem-list-0-1-0', 'mod-filesystem-list', '0.1.0', 'generated://tool/filesystem-list', 'sha256:generated-filesystem-list', 0.5, '2026-05-22T00:00:00Z')
ON CONFLICT(id) DO UPDATE SET module_id = excluded.module_id, version = excluded.version, source_uri = excluded.source_uri, checksum = excluded.checksum, selection_base_score = excluded.selection_base_score, created_at = excluded.created_at;

INSERT INTO module_versions (id, module_id, version, source_uri, checksum, selection_base_score, created_at)
VALUES ('mv-filesystem-read-0-1-0', 'mod-filesystem-read', '0.1.0', 'generated://tool/filesystem-read', 'sha256:generated-filesystem-read', 0.5, '2026-05-22T00:00:00Z')
ON CONFLICT(id) DO UPDATE SET module_id = excluded.module_id, version = excluded.version, source_uri = excluded.source_uri, checksum = excluded.checksum, selection_base_score = excluded.selection_base_score, created_at = excluded.created_at;

INSERT INTO module_versions (id, module_id, version, source_uri, checksum, selection_base_score, created_at)
VALUES ('mv-general-output-contract-0-1-0', 'mod-general-output-contract', '0.1.0', 'generated://validator/general-output-contract', 'sha256:generated-general-output-contract', 0.5, '2026-05-22T00:00:00Z')
ON CONFLICT(id) DO UPDATE SET module_id = excluded.module_id, version = excluded.version, source_uri = excluded.source_uri, checksum = excluded.checksum, selection_base_score = excluded.selection_base_score, created_at = excluded.created_at;

INSERT INTO module_versions (id, module_id, version, source_uri, checksum, selection_base_score, created_at)
VALUES ('mv-general-task-summary-0-1-0', 'mod-general-task-summary', '0.1.0', 'repo://examples/modules/general-task-summary.json', 'sha256:53b7c4f393733c910cb83e5dbd00ccbeeda8d237170510fb54db062e4aba8f26', 0.62, '2026-05-22T00:00:00Z')
ON CONFLICT(id) DO UPDATE SET module_id = excluded.module_id, version = excluded.version, source_uri = excluded.source_uri, checksum = excluded.checksum, selection_base_score = excluded.selection_base_score, created_at = excluded.created_at;

INSERT INTO module_versions (id, module_id, version, source_uri, checksum, selection_base_score, created_at)
VALUES ('mv-git-diff-analysis-0-1-0', 'mod-git-diff-analysis', '0.1.0', 'repo://examples/modules/git-diff-analysis.json', 'sha256:e9c8e7560d8f4191f15bbcdbdde8a95fe112025188e44e4439a5573ec30729b6', 0.74, '2026-05-22T00:00:00Z')
ON CONFLICT(id) DO UPDATE SET module_id = excluded.module_id, version = excluded.version, source_uri = excluded.source_uri, checksum = excluded.checksum, selection_base_score = excluded.selection_base_score, created_at = excluded.created_at;

INSERT INTO module_versions (id, module_id, version, source_uri, checksum, selection_base_score, created_at)
VALUES ('mv-git-read-0-1-0', 'mod-git-read', '0.1.0', 'generated://tool/git-read', 'sha256:generated-git-read', 0.5, '2026-05-22T00:00:00Z')
ON CONFLICT(id) DO UPDATE SET module_id = excluded.module_id, version = excluded.version, source_uri = excluded.source_uri, checksum = excluded.checksum, selection_base_score = excluded.selection_base_score, created_at = excluded.created_at;

INSERT INTO module_versions (id, module_id, version, source_uri, checksum, selection_base_score, created_at)
VALUES ('mv-no-destructive-commands-0-1-0', 'mod-no-destructive-commands', '0.1.0', 'generated://policy/no-destructive-commands', 'sha256:generated-no-destructive-commands', 1.0, '2026-05-22T00:00:00Z')
ON CONFLICT(id) DO UPDATE SET module_id = excluded.module_id, version = excluded.version, source_uri = excluded.source_uri, checksum = excluded.checksum, selection_base_score = excluded.selection_base_score, created_at = excluded.created_at;

INSERT INTO module_versions (id, module_id, version, source_uri, checksum, selection_base_score, created_at)
VALUES ('mv-project-memory-0-1-0', 'mod-project-memory', '0.1.0', 'repo://examples/modules/project-memory.json', 'sha256:85129d9cd4fb715262b24b8f55cef9c2c1a4cb4fc183cb9b47bdac7dc5f4a259', 0.55, '2026-05-22T00:00:00Z')
ON CONFLICT(id) DO UPDATE SET module_id = excluded.module_id, version = excluded.version, source_uri = excluded.source_uri, checksum = excluded.checksum, selection_base_score = excluded.selection_base_score, created_at = excluded.created_at;

INSERT INTO module_versions (id, module_id, version, source_uri, checksum, selection_base_score, created_at)
VALUES ('mv-repository-readonly-0-1-0', 'mod-repository-readonly', '0.1.0', 'generated://data_scope/repository-readonly', 'sha256:generated-repository-readonly', 0.5, '2026-05-22T00:00:00Z')
ON CONFLICT(id) DO UPDATE SET module_id = excluded.module_id, version = excluded.version, source_uri = excluded.source_uri, checksum = excluded.checksum, selection_base_score = excluded.selection_base_score, created_at = excluded.created_at;

INSERT INTO module_versions (id, module_id, version, source_uri, checksum, selection_base_score, created_at)
VALUES ('mv-require-file-references-0-1-0', 'mod-require-file-references', '0.1.0', 'generated://policy/require-file-references', 'sha256:generated-require-file-references', 1.0, '2026-05-22T00:00:00Z')
ON CONFLICT(id) DO UPDATE SET module_id = excluded.module_id, version = excluded.version, source_uri = excluded.source_uri, checksum = excluded.checksum, selection_base_score = excluded.selection_base_score, created_at = excluded.created_at;

INSERT INTO module_versions (id, module_id, version, source_uri, checksum, selection_base_score, created_at)
VALUES ('mv-research-context-synthesis-0-1-0', 'mod-research-context-synthesis', '0.1.0', 'repo://examples/modules/research-context-synthesis.json', 'sha256:087099b14ab29676dbd29f9fb341887a94cf62f969d93db06749e44621b68bf5', 0.68, '2026-05-22T00:00:00Z')
ON CONFLICT(id) DO UPDATE SET module_id = excluded.module_id, version = excluded.version, source_uri = excluded.source_uri, checksum = excluded.checksum, selection_base_score = excluded.selection_base_score, created_at = excluded.created_at;

INSERT INTO module_versions (id, module_id, version, source_uri, checksum, selection_base_score, created_at)
VALUES ('mv-research-output-contract-0-1-0', 'mod-research-output-contract', '0.1.0', 'generated://validator/research-output-contract', 'sha256:generated-research-output-contract', 0.5, '2026-05-22T00:00:00Z')
ON CONFLICT(id) DO UPDATE SET module_id = excluded.module_id, version = excluded.version, source_uri = excluded.source_uri, checksum = excluded.checksum, selection_base_score = excluded.selection_base_score, created_at = excluded.created_at;

INSERT INTO module_versions (id, module_id, version, source_uri, checksum, selection_base_score, created_at)
VALUES ('mv-review-findings-contract-0-1-0', 'mod-review-findings-contract', '0.1.0', 'generated://validator/review-findings-contract', 'sha256:generated-review-findings-contract', 0.5, '2026-05-22T00:00:00Z')
ON CONFLICT(id) DO UPDATE SET module_id = excluded.module_id, version = excluded.version, source_uri = excluded.source_uri, checksum = excluded.checksum, selection_base_score = excluded.selection_base_score, created_at = excluded.created_at;

INSERT INTO module_versions (id, module_id, version, source_uri, checksum, selection_base_score, created_at)
VALUES ('mv-task-execution-output-contract-0-1-0', 'mod-task-execution-output-contract', '0.1.0', 'generated://validator/task-execution-output-contract', 'sha256:generated-task-execution-output-contract', 0.5, '2026-05-22T00:00:00Z')
ON CONFLICT(id) DO UPDATE SET module_id = excluded.module_id, version = excluded.version, source_uri = excluded.source_uri, checksum = excluded.checksum, selection_base_score = excluded.selection_base_score, created_at = excluded.created_at;

INSERT INTO module_versions (id, module_id, version, source_uri, checksum, selection_base_score, created_at)
VALUES ('mv-task-execution-planning-0-1-0', 'mod-task-execution-planning', '0.1.0', 'repo://examples/modules/task-execution-planning.json', 'sha256:1e5bfa6e40b057f5bda46d8c6def77081fe94be5ac5ac310f2d8e9099251d4b4', 0.7, '2026-05-22T00:00:00Z')
ON CONFLICT(id) DO UPDATE SET module_id = excluded.module_id, version = excluded.version, source_uri = excluded.source_uri, checksum = excluded.checksum, selection_base_score = excluded.selection_base_score, created_at = excluded.created_at;

INSERT INTO module_versions (id, module_id, version, source_uri, checksum, selection_base_score, created_at)
VALUES ('mv-test-runner-0-1-0', 'mod-test-runner', '0.1.0', 'generated://tool/test-runner', 'sha256:generated-test-runner', 0.5, '2026-05-22T00:00:00Z')
ON CONFLICT(id) DO UPDATE SET module_id = excluded.module_id, version = excluded.version, source_uri = excluded.source_uri, checksum = excluded.checksum, selection_base_score = excluded.selection_base_score, created_at = excluded.created_at;

INSERT INTO module_selection_metadata (id, module_version_id, description, capability_class, domain_tags_json, task_types_json, risk_levels_json, task_domains_json, required_inputs_json, phrases_json, negative_phrases_json, triggers_json, inputs_json, outputs_json, score_modifiers_json, requires_all_policies)
VALUES ('msm-architecture-docs-0-1-0', 'mv-architecture-docs-0-1-0', 'Generated knowledge_scope module for architecture-docs.', 'knowledge_access', '["documentation","git","knowledge-retrieval","repository","research","software-engineering","task-execution"]', '["code-review","general-task","research","task-execution"]', '["high","low","medium"]', '["documentation","git","knowledge-retrieval","repository","research","software-engineering","task-execution"]', '[]', '["architecture-docs"]', '[]', '["architecture-docs"]', '[]', '["architecture-docs-output"]', '[]', 0)
ON CONFLICT(id) DO UPDATE SET module_version_id = excluded.module_version_id, description = excluded.description, capability_class = excluded.capability_class, domain_tags_json = excluded.domain_tags_json, task_types_json = excluded.task_types_json, risk_levels_json = excluded.risk_levels_json, task_domains_json = excluded.task_domains_json, required_inputs_json = excluded.required_inputs_json, phrases_json = excluded.phrases_json, negative_phrases_json = excluded.negative_phrases_json, triggers_json = excluded.triggers_json, inputs_json = excluded.inputs_json, outputs_json = excluded.outputs_json, score_modifiers_json = excluded.score_modifiers_json, requires_all_policies = excluded.requires_all_policies;

INSERT INTO module_selection_metadata (id, module_version_id, description, capability_class, domain_tags_json, task_types_json, risk_levels_json, task_domains_json, required_inputs_json, phrases_json, negative_phrases_json, triggers_json, inputs_json, outputs_json, score_modifiers_json, requires_all_policies)
VALUES ('msm-coding-guidelines-0-1-0', 'mv-coding-guidelines-0-1-0', 'Generated knowledge_scope module for coding-guidelines.', 'knowledge_access', '["documentation","git","repository","security","software-engineering","task-execution"]', '["code-review","general-task","research","task-execution"]', '["high","low","medium"]', '["documentation","git","repository","security","software-engineering","task-execution"]', '[]', '["coding-guidelines"]', '[]', '["coding-guidelines"]', '[]', '["coding-guidelines-output"]', '[]', 0)
ON CONFLICT(id) DO UPDATE SET module_version_id = excluded.module_version_id, description = excluded.description, capability_class = excluded.capability_class, domain_tags_json = excluded.domain_tags_json, task_types_json = excluded.task_types_json, risk_levels_json = excluded.risk_levels_json, task_domains_json = excluded.task_domains_json, required_inputs_json = excluded.required_inputs_json, phrases_json = excluded.phrases_json, negative_phrases_json = excluded.negative_phrases_json, triggers_json = excluded.triggers_json, inputs_json = excluded.inputs_json, outputs_json = excluded.outputs_json, score_modifiers_json = excluded.score_modifiers_json, requires_all_policies = excluded.requires_all_policies;

INSERT INTO module_selection_metadata (id, module_version_id, description, capability_class, domain_tags_json, task_types_json, risk_levels_json, task_domains_json, required_inputs_json, phrases_json, negative_phrases_json, triggers_json, inputs_json, outputs_json, score_modifiers_json, requires_all_policies)
VALUES ('msm-dependency-audit-0-1-0', 'mv-dependency-audit-0-1-0', 'Audit repository dependency manifests for license, risk, and change-impact signals.', 'analysis', '["dependencies","repository","security"]', '["code-review","task-execution"]', '["high","low","medium"]', '["repository","security","software-engineering"]', '["repository"]', '["dependency","dependency audit","license"]', '["delete production","destroy","reset production"]', '["dependency","dependency audit","license"]', '["repository"]', '["dependency-audit-summary"]', '[{"reason":"Task execution dependency work benefits from bounded audit planning.","signal":"task_type:task-execution","weight":0.14},{"reason":"Dependency-related language directly matches audit capability.","signal":"phrase:dependency","weight":0.1},{"reason":"Destructive requests must fail closed away from dependency analysis.","signal":"phrase:destroy","weight":-0.35}]', 1)
ON CONFLICT(id) DO UPDATE SET module_version_id = excluded.module_version_id, description = excluded.description, capability_class = excluded.capability_class, domain_tags_json = excluded.domain_tags_json, task_types_json = excluded.task_types_json, risk_levels_json = excluded.risk_levels_json, task_domains_json = excluded.task_domains_json, required_inputs_json = excluded.required_inputs_json, phrases_json = excluded.phrases_json, negative_phrases_json = excluded.negative_phrases_json, triggers_json = excluded.triggers_json, inputs_json = excluded.inputs_json, outputs_json = excluded.outputs_json, score_modifiers_json = excluded.score_modifiers_json, requires_all_policies = excluded.requires_all_policies;

INSERT INTO module_selection_metadata (id, module_version_id, description, capability_class, domain_tags_json, task_types_json, risk_levels_json, task_domains_json, required_inputs_json, phrases_json, negative_phrases_json, triggers_json, inputs_json, outputs_json, score_modifiers_json, requires_all_policies)
VALUES ('msm-document-synthesis-0-1-0', 'mv-document-synthesis-0-1-0', 'Synthesize durable technical documentation updates from profile-authorized context.', 'analysis', '["documentation","repository"]', '["general-task","research"]', '["low","medium"]', '["documentation","repository","software-engineering"]', '[]', '["document","summarize docs","synthesize"]', '["delete","deploy","destroy"]', '["document","summarize docs","synthesize"]', '["retrieval-context"]', '["documentation-summary"]', '[{"reason":"Documentation-focused tasks need synthesis from approved context.","signal":"domain:documentation","weight":0.16},{"reason":"Explicit synthesis language increases module relevance.","signal":"phrase:synthesize","weight":0.08},{"reason":"Deployment requests must not route through documentation synthesis.","signal":"phrase:deploy","weight":-0.3}]', 1)
ON CONFLICT(id) DO UPDATE SET module_version_id = excluded.module_version_id, description = excluded.description, capability_class = excluded.capability_class, domain_tags_json = excluded.domain_tags_json, task_types_json = excluded.task_types_json, risk_levels_json = excluded.risk_levels_json, task_domains_json = excluded.task_domains_json, required_inputs_json = excluded.required_inputs_json, phrases_json = excluded.phrases_json, negative_phrases_json = excluded.negative_phrases_json, triggers_json = excluded.triggers_json, inputs_json = excluded.inputs_json, outputs_json = excluded.outputs_json, score_modifiers_json = excluded.score_modifiers_json, requires_all_policies = excluded.requires_all_policies;

INSERT INTO module_selection_metadata (id, module_version_id, description, capability_class, domain_tags_json, task_types_json, risk_levels_json, task_domains_json, required_inputs_json, phrases_json, negative_phrases_json, triggers_json, inputs_json, outputs_json, score_modifiers_json, requires_all_policies)
VALUES ('msm-filesystem-list-0-1-0', 'mv-filesystem-list-0-1-0', 'Generated tool module for filesystem-list.', 'tool_access', '[]', '[]', '[]', '[]', '[]', '["filesystem-list"]', '[]', '["filesystem-list"]', '[]', '["filesystem-list-output"]', '[]', 0)
ON CONFLICT(id) DO UPDATE SET module_version_id = excluded.module_version_id, description = excluded.description, capability_class = excluded.capability_class, domain_tags_json = excluded.domain_tags_json, task_types_json = excluded.task_types_json, risk_levels_json = excluded.risk_levels_json, task_domains_json = excluded.task_domains_json, required_inputs_json = excluded.required_inputs_json, phrases_json = excluded.phrases_json, negative_phrases_json = excluded.negative_phrases_json, triggers_json = excluded.triggers_json, inputs_json = excluded.inputs_json, outputs_json = excluded.outputs_json, score_modifiers_json = excluded.score_modifiers_json, requires_all_policies = excluded.requires_all_policies;

INSERT INTO module_selection_metadata (id, module_version_id, description, capability_class, domain_tags_json, task_types_json, risk_levels_json, task_domains_json, required_inputs_json, phrases_json, negative_phrases_json, triggers_json, inputs_json, outputs_json, score_modifiers_json, requires_all_policies)
VALUES ('msm-filesystem-read-0-1-0', 'mv-filesystem-read-0-1-0', 'Generated tool module for filesystem-read.', 'tool_access', '[]', '[]', '[]', '[]', '[]', '["filesystem-read"]', '[]', '["filesystem-read"]', '[]', '["filesystem-read-output"]', '[]', 0)
ON CONFLICT(id) DO UPDATE SET module_version_id = excluded.module_version_id, description = excluded.description, capability_class = excluded.capability_class, domain_tags_json = excluded.domain_tags_json, task_types_json = excluded.task_types_json, risk_levels_json = excluded.risk_levels_json, task_domains_json = excluded.task_domains_json, required_inputs_json = excluded.required_inputs_json, phrases_json = excluded.phrases_json, negative_phrases_json = excluded.negative_phrases_json, triggers_json = excluded.triggers_json, inputs_json = excluded.inputs_json, outputs_json = excluded.outputs_json, score_modifiers_json = excluded.score_modifiers_json, requires_all_policies = excluded.requires_all_policies;

INSERT INTO module_selection_metadata (id, module_version_id, description, capability_class, domain_tags_json, task_types_json, risk_levels_json, task_domains_json, required_inputs_json, phrases_json, negative_phrases_json, triggers_json, inputs_json, outputs_json, score_modifiers_json, requires_all_policies)
VALUES ('msm-general-output-contract-0-1-0', 'mv-general-output-contract-0-1-0', 'Generated validator module for general-output-contract.', 'validation', '[]', '[]', '[]', '[]', '[]', '["general-output-contract"]', '[]', '["general-output-contract"]', '[]', '["general-output-contract-output"]', '[]', 0)
ON CONFLICT(id) DO UPDATE SET module_version_id = excluded.module_version_id, description = excluded.description, capability_class = excluded.capability_class, domain_tags_json = excluded.domain_tags_json, task_types_json = excluded.task_types_json, risk_levels_json = excluded.risk_levels_json, task_domains_json = excluded.task_domains_json, required_inputs_json = excluded.required_inputs_json, phrases_json = excluded.phrases_json, negative_phrases_json = excluded.negative_phrases_json, triggers_json = excluded.triggers_json, inputs_json = excluded.inputs_json, outputs_json = excluded.outputs_json, score_modifiers_json = excluded.score_modifiers_json, requires_all_policies = excluded.requires_all_policies;

INSERT INTO module_selection_metadata (id, module_version_id, description, capability_class, domain_tags_json, task_types_json, risk_levels_json, task_domains_json, required_inputs_json, phrases_json, negative_phrases_json, triggers_json, inputs_json, outputs_json, score_modifiers_json, requires_all_policies)
VALUES ('msm-general-task-summary-0-1-0', 'mv-general-task-summary-0-1-0', 'Produce a bounded generic runtime summary when no specialized task strategy is selected.', 'planning', '["general-task"]', '["general-task"]', '["high","low","medium"]', '["general-task"]', '[]', '["general","outline","prepare"]', '["delete","deploy","destroy"]', '["general","outline","prepare"]', '[]', '["general-task-summary"]', '[{"reason":"General tasks should receive a bounded generic summary strategy.","signal":"task_type:general-task","weight":0.22},{"reason":"Destructive requests should not be handled by a generic summary module.","signal":"phrase:delete","weight":-0.3}]', 1)
ON CONFLICT(id) DO UPDATE SET module_version_id = excluded.module_version_id, description = excluded.description, capability_class = excluded.capability_class, domain_tags_json = excluded.domain_tags_json, task_types_json = excluded.task_types_json, risk_levels_json = excluded.risk_levels_json, task_domains_json = excluded.task_domains_json, required_inputs_json = excluded.required_inputs_json, phrases_json = excluded.phrases_json, negative_phrases_json = excluded.negative_phrases_json, triggers_json = excluded.triggers_json, inputs_json = excluded.inputs_json, outputs_json = excluded.outputs_json, score_modifiers_json = excluded.score_modifiers_json, requires_all_policies = excluded.requires_all_policies;

INSERT INTO module_selection_metadata (id, module_version_id, description, capability_class, domain_tags_json, task_types_json, risk_levels_json, task_domains_json, required_inputs_json, phrases_json, negative_phrases_json, triggers_json, inputs_json, outputs_json, score_modifiers_json, requires_all_policies)
VALUES ('msm-git-diff-analysis-0-1-0', 'mv-git-diff-analysis-0-1-0', 'Analyze git diffs for behavioral changes, regressions, and review-relevant risks.', 'analysis', '["code-review","git","software-engineering"]', '["code-review"]', '["low","medium"]', '["git","software-engineering"]', '["diff","repository"]', '["commit","diff","pull request","review"]', '["apply changes","delete","deploy"]', '["commit","diff","pull request","review"]', '["diff","repository"]', '["findings","review-summary"]', '[{"reason":"Code review tasks require diff-oriented change analysis.","signal":"task_type:code-review","weight":0.18},{"reason":"The module is more reliable when a concrete diff is available.","signal":"input:diff","weight":0.08},{"reason":"Deployment requests should not select review-only analysis as an execution capability.","signal":"phrase:deploy","weight":-0.25}]', 1)
ON CONFLICT(id) DO UPDATE SET module_version_id = excluded.module_version_id, description = excluded.description, capability_class = excluded.capability_class, domain_tags_json = excluded.domain_tags_json, task_types_json = excluded.task_types_json, risk_levels_json = excluded.risk_levels_json, task_domains_json = excluded.task_domains_json, required_inputs_json = excluded.required_inputs_json, phrases_json = excluded.phrases_json, negative_phrases_json = excluded.negative_phrases_json, triggers_json = excluded.triggers_json, inputs_json = excluded.inputs_json, outputs_json = excluded.outputs_json, score_modifiers_json = excluded.score_modifiers_json, requires_all_policies = excluded.requires_all_policies;

INSERT INTO module_selection_metadata (id, module_version_id, description, capability_class, domain_tags_json, task_types_json, risk_levels_json, task_domains_json, required_inputs_json, phrases_json, negative_phrases_json, triggers_json, inputs_json, outputs_json, score_modifiers_json, requires_all_policies)
VALUES ('msm-git-read-0-1-0', 'mv-git-read-0-1-0', 'Generated tool module for git-read.', 'tool_access', '[]', '[]', '[]', '[]', '[]', '["git-read"]', '[]', '["git-read"]', '[]', '["git-read-output"]', '[]', 0)
ON CONFLICT(id) DO UPDATE SET module_version_id = excluded.module_version_id, description = excluded.description, capability_class = excluded.capability_class, domain_tags_json = excluded.domain_tags_json, task_types_json = excluded.task_types_json, risk_levels_json = excluded.risk_levels_json, task_domains_json = excluded.task_domains_json, required_inputs_json = excluded.required_inputs_json, phrases_json = excluded.phrases_json, negative_phrases_json = excluded.negative_phrases_json, triggers_json = excluded.triggers_json, inputs_json = excluded.inputs_json, outputs_json = excluded.outputs_json, score_modifiers_json = excluded.score_modifiers_json, requires_all_policies = excluded.requires_all_policies;

INSERT INTO module_selection_metadata (id, module_version_id, description, capability_class, domain_tags_json, task_types_json, risk_levels_json, task_domains_json, required_inputs_json, phrases_json, negative_phrases_json, triggers_json, inputs_json, outputs_json, score_modifiers_json, requires_all_policies)
VALUES ('msm-no-destructive-commands-0-1-0', 'mv-no-destructive-commands-0-1-0', 'Generated policy module for no-destructive-commands.', 'policy', '[]', '[]', '[]', '[]', '[]', '["no-destructive-commands"]', '[]', '["no-destructive-commands"]', '[]', '["no-destructive-commands-output"]', '[]', 0)
ON CONFLICT(id) DO UPDATE SET module_version_id = excluded.module_version_id, description = excluded.description, capability_class = excluded.capability_class, domain_tags_json = excluded.domain_tags_json, task_types_json = excluded.task_types_json, risk_levels_json = excluded.risk_levels_json, task_domains_json = excluded.task_domains_json, required_inputs_json = excluded.required_inputs_json, phrases_json = excluded.phrases_json, negative_phrases_json = excluded.negative_phrases_json, triggers_json = excluded.triggers_json, inputs_json = excluded.inputs_json, outputs_json = excluded.outputs_json, score_modifiers_json = excluded.score_modifiers_json, requires_all_policies = excluded.requires_all_policies;

INSERT INTO module_selection_metadata (id, module_version_id, description, capability_class, domain_tags_json, task_types_json, risk_levels_json, task_domains_json, required_inputs_json, phrases_json, negative_phrases_json, triggers_json, inputs_json, outputs_json, score_modifiers_json, requires_all_policies)
VALUES ('msm-project-memory-0-1-0', 'mv-project-memory-0-1-0', 'Allow access to validated, project-scoped memory records that have passed runtime memory candidate validation and policy gates.', 'memory_access', '["project-memory","runtime","software-engineering"]', '["code-review","research","task-execution"]', '["low","medium"]', '["runtime","software-engineering"]', '[]', '["previous decision","project memory","remember","runtime reconstruction"]', '["credentials","raw trace","secret"]', '["previous decision","project memory","remember"]', '[]', '["project-memory-records"]', '[{"reason":"Project memory is relevant when the task asks for prior project decisions.","signal":"phrase:project memory","weight":0.2},{"reason":"Secret-bearing content must not be loaded through project memory without a stronger policy gate.","signal":"phrase:secret","weight":-0.5}]', 1)
ON CONFLICT(id) DO UPDATE SET module_version_id = excluded.module_version_id, description = excluded.description, capability_class = excluded.capability_class, domain_tags_json = excluded.domain_tags_json, task_types_json = excluded.task_types_json, risk_levels_json = excluded.risk_levels_json, task_domains_json = excluded.task_domains_json, required_inputs_json = excluded.required_inputs_json, phrases_json = excluded.phrases_json, negative_phrases_json = excluded.negative_phrases_json, triggers_json = excluded.triggers_json, inputs_json = excluded.inputs_json, outputs_json = excluded.outputs_json, score_modifiers_json = excluded.score_modifiers_json, requires_all_policies = excluded.requires_all_policies;

INSERT INTO module_selection_metadata (id, module_version_id, description, capability_class, domain_tags_json, task_types_json, risk_levels_json, task_domains_json, required_inputs_json, phrases_json, negative_phrases_json, triggers_json, inputs_json, outputs_json, score_modifiers_json, requires_all_policies)
VALUES ('msm-repository-readonly-0-1-0', 'mv-repository-readonly-0-1-0', 'Generated data_scope module for repository-readonly.', 'data_access', '["documentation","git","repository","security","software-engineering","task-execution"]', '["code-review","general-task","research","task-execution"]', '["high","low","medium"]', '["documentation","git","repository","security","software-engineering","task-execution"]', '[]', '["repository-readonly"]', '[]', '["repository-readonly"]', '[]', '["repository-readonly-output"]', '[]', 0)
ON CONFLICT(id) DO UPDATE SET module_version_id = excluded.module_version_id, description = excluded.description, capability_class = excluded.capability_class, domain_tags_json = excluded.domain_tags_json, task_types_json = excluded.task_types_json, risk_levels_json = excluded.risk_levels_json, task_domains_json = excluded.task_domains_json, required_inputs_json = excluded.required_inputs_json, phrases_json = excluded.phrases_json, negative_phrases_json = excluded.negative_phrases_json, triggers_json = excluded.triggers_json, inputs_json = excluded.inputs_json, outputs_json = excluded.outputs_json, score_modifiers_json = excluded.score_modifiers_json, requires_all_policies = excluded.requires_all_policies;

INSERT INTO module_selection_metadata (id, module_version_id, description, capability_class, domain_tags_json, task_types_json, risk_levels_json, task_domains_json, required_inputs_json, phrases_json, negative_phrases_json, triggers_json, inputs_json, outputs_json, score_modifiers_json, requires_all_policies)
VALUES ('msm-require-file-references-0-1-0', 'mv-require-file-references-0-1-0', 'Generated policy module for require-file-references.', 'policy', '[]', '[]', '[]', '[]', '[]', '["require-file-references"]', '[]', '["require-file-references"]', '[]', '["require-file-references-output"]', '[]', 0)
ON CONFLICT(id) DO UPDATE SET module_version_id = excluded.module_version_id, description = excluded.description, capability_class = excluded.capability_class, domain_tags_json = excluded.domain_tags_json, task_types_json = excluded.task_types_json, risk_levels_json = excluded.risk_levels_json, task_domains_json = excluded.task_domains_json, required_inputs_json = excluded.required_inputs_json, phrases_json = excluded.phrases_json, negative_phrases_json = excluded.negative_phrases_json, triggers_json = excluded.triggers_json, inputs_json = excluded.inputs_json, outputs_json = excluded.outputs_json, score_modifiers_json = excluded.score_modifiers_json, requires_all_policies = excluded.requires_all_policies;

INSERT INTO module_selection_metadata (id, module_version_id, description, capability_class, domain_tags_json, task_types_json, risk_levels_json, task_domains_json, required_inputs_json, phrases_json, negative_phrases_json, triggers_json, inputs_json, outputs_json, score_modifiers_json, requires_all_policies)
VALUES ('msm-research-context-synthesis-0-1-0', 'mv-research-context-synthesis-0-1-0', 'Synthesize profile-authorized knowledge and memory context into a bounded research output.', 'retrieval', '["knowledge-retrieval","research"]', '["research"]', '["low","medium"]', '["knowledge-retrieval","research"]', '[]', '["compare","error","exception","how do i","investigate","research","stack overflow","summarize","what causes","why does"]', '["apply changes","delete","deploy"]', '["compare","error","exception","how do i","investigate","research","stack overflow","summarize","what causes","why does"]', '["retrieval-context"]', '["research-summary"]', '[{"reason":"Research tasks require context synthesis rather than repository mutation.","signal":"task_type:research","weight":0.18},{"reason":"The module fits analyzer requests for retrieval capabilities.","signal":"capability_class:retrieval","weight":0.07},{"reason":"Deployment requests should not select a research-only module as an execution capability.","signal":"phrase:deploy","weight":-0.3},{"reason":"Technical community troubleshooting questions should favor bounded research synthesis.","signal":"phrase:stack overflow","weight":0.04},{"reason":"Error explanation requests are research signals unless paired with an explicit write task.","signal":"phrase:error","weight":0.03},{"reason":"How-to troubleshooting phrasing is an information request, not automatic execution intent.","signal":"phrase:how do i","weight":0.03}]', 1)
ON CONFLICT(id) DO UPDATE SET module_version_id = excluded.module_version_id, description = excluded.description, capability_class = excluded.capability_class, domain_tags_json = excluded.domain_tags_json, task_types_json = excluded.task_types_json, risk_levels_json = excluded.risk_levels_json, task_domains_json = excluded.task_domains_json, required_inputs_json = excluded.required_inputs_json, phrases_json = excluded.phrases_json, negative_phrases_json = excluded.negative_phrases_json, triggers_json = excluded.triggers_json, inputs_json = excluded.inputs_json, outputs_json = excluded.outputs_json, score_modifiers_json = excluded.score_modifiers_json, requires_all_policies = excluded.requires_all_policies;

INSERT INTO module_selection_metadata (id, module_version_id, description, capability_class, domain_tags_json, task_types_json, risk_levels_json, task_domains_json, required_inputs_json, phrases_json, negative_phrases_json, triggers_json, inputs_json, outputs_json, score_modifiers_json, requires_all_policies)
VALUES ('msm-research-output-contract-0-1-0', 'mv-research-output-contract-0-1-0', 'Generated validator module for research-output-contract.', 'validation', '[]', '[]', '[]', '[]', '[]', '["research-output-contract"]', '[]', '["research-output-contract"]', '[]', '["research-output-contract-output"]', '[]', 0)
ON CONFLICT(id) DO UPDATE SET module_version_id = excluded.module_version_id, description = excluded.description, capability_class = excluded.capability_class, domain_tags_json = excluded.domain_tags_json, task_types_json = excluded.task_types_json, risk_levels_json = excluded.risk_levels_json, task_domains_json = excluded.task_domains_json, required_inputs_json = excluded.required_inputs_json, phrases_json = excluded.phrases_json, negative_phrases_json = excluded.negative_phrases_json, triggers_json = excluded.triggers_json, inputs_json = excluded.inputs_json, outputs_json = excluded.outputs_json, score_modifiers_json = excluded.score_modifiers_json, requires_all_policies = excluded.requires_all_policies;

INSERT INTO module_selection_metadata (id, module_version_id, description, capability_class, domain_tags_json, task_types_json, risk_levels_json, task_domains_json, required_inputs_json, phrases_json, negative_phrases_json, triggers_json, inputs_json, outputs_json, score_modifiers_json, requires_all_policies)
VALUES ('msm-review-findings-contract-0-1-0', 'mv-review-findings-contract-0-1-0', 'Generated validator module for review-findings-contract.', 'validation', '[]', '[]', '[]', '[]', '[]', '["review-findings-contract"]', '[]', '["review-findings-contract"]', '[]', '["review-findings-contract-output"]', '[]', 0)
ON CONFLICT(id) DO UPDATE SET module_version_id = excluded.module_version_id, description = excluded.description, capability_class = excluded.capability_class, domain_tags_json = excluded.domain_tags_json, task_types_json = excluded.task_types_json, risk_levels_json = excluded.risk_levels_json, task_domains_json = excluded.task_domains_json, required_inputs_json = excluded.required_inputs_json, phrases_json = excluded.phrases_json, negative_phrases_json = excluded.negative_phrases_json, triggers_json = excluded.triggers_json, inputs_json = excluded.inputs_json, outputs_json = excluded.outputs_json, score_modifiers_json = excluded.score_modifiers_json, requires_all_policies = excluded.requires_all_policies;

INSERT INTO module_selection_metadata (id, module_version_id, description, capability_class, domain_tags_json, task_types_json, risk_levels_json, task_domains_json, required_inputs_json, phrases_json, negative_phrases_json, triggers_json, inputs_json, outputs_json, score_modifiers_json, requires_all_policies)
VALUES ('msm-task-execution-output-contract-0-1-0', 'mv-task-execution-output-contract-0-1-0', 'Generated validator module for task-execution-output-contract.', 'validation', '[]', '[]', '[]', '[]', '[]', '["task-execution-output-contract"]', '[]', '["task-execution-output-contract"]', '[]', '["task-execution-output-contract-output"]', '[]', 0)
ON CONFLICT(id) DO UPDATE SET module_version_id = excluded.module_version_id, description = excluded.description, capability_class = excluded.capability_class, domain_tags_json = excluded.domain_tags_json, task_types_json = excluded.task_types_json, risk_levels_json = excluded.risk_levels_json, task_domains_json = excluded.task_domains_json, required_inputs_json = excluded.required_inputs_json, phrases_json = excluded.phrases_json, negative_phrases_json = excluded.negative_phrases_json, triggers_json = excluded.triggers_json, inputs_json = excluded.inputs_json, outputs_json = excluded.outputs_json, score_modifiers_json = excluded.score_modifiers_json, requires_all_policies = excluded.requires_all_policies;

INSERT INTO module_selection_metadata (id, module_version_id, description, capability_class, domain_tags_json, task_types_json, risk_levels_json, task_domains_json, required_inputs_json, phrases_json, negative_phrases_json, triggers_json, inputs_json, outputs_json, score_modifiers_json, requires_all_policies)
VALUES ('msm-task-execution-planning-0-1-0', 'mv-task-execution-planning-0-1-0', 'Plan and summarize conservative repository task execution using read-only inspection tools.', 'planning', '["repository","software-engineering","task-execution"]', '["task-execution"]', '["high","low","medium"]', '["repository","software-engineering","task-execution"]', '["repository"]', '["fix","implement","migrate","refactor","update"]', '["delete production","destroy","explain","how do i","reset production","stack overflow","what causes","why does"]', '["fix","implement","migrate","refactor","update"]', '["repository"]', '["execution-plan","execution-summary"]', '[{"reason":"Task execution requests need bounded planning and read-only repository inspection.","signal":"task_type:task-execution","weight":0.18},{"reason":"Repository task execution is more reliable when repository context is available.","signal":"input:repository","weight":0.08},{"reason":"Destructive requests must not select the conservative execution module.","signal":"phrase:destroy","weight":-0.4},{"reason":"How-to troubleshooting phrasing needs research unless explicit repository mutation remains after analysis.","signal":"phrase:how do i","weight":-0.16},{"reason":"Causal troubleshooting questions should not overgrant execution planning.","signal":"phrase:why does","weight":-0.16},{"reason":"Stack Overflow-like questions are usually explanatory research tasks, not repository execution.","signal":"phrase:stack overflow","weight":-0.12}]', 1)
ON CONFLICT(id) DO UPDATE SET module_version_id = excluded.module_version_id, description = excluded.description, capability_class = excluded.capability_class, domain_tags_json = excluded.domain_tags_json, task_types_json = excluded.task_types_json, risk_levels_json = excluded.risk_levels_json, task_domains_json = excluded.task_domains_json, required_inputs_json = excluded.required_inputs_json, phrases_json = excluded.phrases_json, negative_phrases_json = excluded.negative_phrases_json, triggers_json = excluded.triggers_json, inputs_json = excluded.inputs_json, outputs_json = excluded.outputs_json, score_modifiers_json = excluded.score_modifiers_json, requires_all_policies = excluded.requires_all_policies;

INSERT INTO module_selection_metadata (id, module_version_id, description, capability_class, domain_tags_json, task_types_json, risk_levels_json, task_domains_json, required_inputs_json, phrases_json, negative_phrases_json, triggers_json, inputs_json, outputs_json, score_modifiers_json, requires_all_policies)
VALUES ('msm-test-runner-0-1-0', 'mv-test-runner-0-1-0', 'Generated tool module for test-runner.', 'tool_access', '[]', '[]', '[]', '[]', '[]', '["test-runner"]', '[]', '["test-runner"]', '[]', '["test-runner-output"]', '[]', 0)
ON CONFLICT(id) DO UPDATE SET module_version_id = excluded.module_version_id, description = excluded.description, capability_class = excluded.capability_class, domain_tags_json = excluded.domain_tags_json, task_types_json = excluded.task_types_json, risk_levels_json = excluded.risk_levels_json, task_domains_json = excluded.task_domains_json, required_inputs_json = excluded.required_inputs_json, phrases_json = excluded.phrases_json, negative_phrases_json = excluded.negative_phrases_json, triggers_json = excluded.triggers_json, inputs_json = excluded.inputs_json, outputs_json = excluded.outputs_json, score_modifiers_json = excluded.score_modifiers_json, requires_all_policies = excluded.requires_all_policies;

INSERT INTO module_dependencies (id, module_version_id, dependency_kind, dependency_id, is_required)
VALUES ('dep-dependency-audit-data-scopes-repository-readonly', 'mv-dependency-audit-0-1-0', 'data_scope', 'mod-repository-readonly', 1)
ON CONFLICT(id) DO UPDATE SET module_version_id = excluded.module_version_id, dependency_kind = excluded.dependency_kind, dependency_id = excluded.dependency_id, is_required = excluded.is_required;

INSERT INTO module_dependencies (id, module_version_id, dependency_kind, dependency_id, is_required)
VALUES ('dep-dependency-audit-knowledge-scopes-coding-guidelines', 'mv-dependency-audit-0-1-0', 'knowledge_scope', 'mod-coding-guidelines', 1)
ON CONFLICT(id) DO UPDATE SET module_version_id = excluded.module_version_id, dependency_kind = excluded.dependency_kind, dependency_id = excluded.dependency_id, is_required = excluded.is_required;

INSERT INTO module_dependencies (id, module_version_id, dependency_kind, dependency_id, is_required)
VALUES ('dep-dependency-audit-optional-tools-git-read', 'mv-dependency-audit-0-1-0', 'tool', 'mod-git-read', 0)
ON CONFLICT(id) DO UPDATE SET module_version_id = excluded.module_version_id, dependency_kind = excluded.dependency_kind, dependency_id = excluded.dependency_id, is_required = excluded.is_required;

INSERT INTO module_dependencies (id, module_version_id, dependency_kind, dependency_id, is_required)
VALUES ('dep-dependency-audit-optional-tools-test-runner', 'mv-dependency-audit-0-1-0', 'tool', 'mod-test-runner', 0)
ON CONFLICT(id) DO UPDATE SET module_version_id = excluded.module_version_id, dependency_kind = excluded.dependency_kind, dependency_id = excluded.dependency_id, is_required = excluded.is_required;

INSERT INTO module_dependencies (id, module_version_id, dependency_kind, dependency_id, is_required)
VALUES ('dep-dependency-audit-policies-no-destructive-commands', 'mv-dependency-audit-0-1-0', 'policy', 'mod-no-destructive-commands', 1)
ON CONFLICT(id) DO UPDATE SET module_version_id = excluded.module_version_id, dependency_kind = excluded.dependency_kind, dependency_id = excluded.dependency_id, is_required = excluded.is_required;

INSERT INTO module_dependencies (id, module_version_id, dependency_kind, dependency_id, is_required)
VALUES ('dep-dependency-audit-required-tools-filesystem-list', 'mv-dependency-audit-0-1-0', 'tool', 'mod-filesystem-list', 1)
ON CONFLICT(id) DO UPDATE SET module_version_id = excluded.module_version_id, dependency_kind = excluded.dependency_kind, dependency_id = excluded.dependency_id, is_required = excluded.is_required;

INSERT INTO module_dependencies (id, module_version_id, dependency_kind, dependency_id, is_required)
VALUES ('dep-dependency-audit-required-tools-filesystem-read', 'mv-dependency-audit-0-1-0', 'tool', 'mod-filesystem-read', 1)
ON CONFLICT(id) DO UPDATE SET module_version_id = excluded.module_version_id, dependency_kind = excluded.dependency_kind, dependency_id = excluded.dependency_id, is_required = excluded.is_required;

INSERT INTO module_dependencies (id, module_version_id, dependency_kind, dependency_id, is_required)
VALUES ('dep-dependency-audit-validators-task-execution-output-contract', 'mv-dependency-audit-0-1-0', 'validator', 'mod-task-execution-output-contract', 1)
ON CONFLICT(id) DO UPDATE SET module_version_id = excluded.module_version_id, dependency_kind = excluded.dependency_kind, dependency_id = excluded.dependency_id, is_required = excluded.is_required;

INSERT INTO module_dependencies (id, module_version_id, dependency_kind, dependency_id, is_required)
VALUES ('dep-document-synthesis-data-scopes-repository-readonly', 'mv-document-synthesis-0-1-0', 'data_scope', 'mod-repository-readonly', 1)
ON CONFLICT(id) DO UPDATE SET module_version_id = excluded.module_version_id, dependency_kind = excluded.dependency_kind, dependency_id = excluded.dependency_id, is_required = excluded.is_required;

INSERT INTO module_dependencies (id, module_version_id, dependency_kind, dependency_id, is_required)
VALUES ('dep-document-synthesis-knowledge-scopes-architecture-docs', 'mv-document-synthesis-0-1-0', 'knowledge_scope', 'mod-architecture-docs', 1)
ON CONFLICT(id) DO UPDATE SET module_version_id = excluded.module_version_id, dependency_kind = excluded.dependency_kind, dependency_id = excluded.dependency_id, is_required = excluded.is_required;

INSERT INTO module_dependencies (id, module_version_id, dependency_kind, dependency_id, is_required)
VALUES ('dep-document-synthesis-knowledge-scopes-coding-guidelines', 'mv-document-synthesis-0-1-0', 'knowledge_scope', 'mod-coding-guidelines', 1)
ON CONFLICT(id) DO UPDATE SET module_version_id = excluded.module_version_id, dependency_kind = excluded.dependency_kind, dependency_id = excluded.dependency_id, is_required = excluded.is_required;

INSERT INTO module_dependencies (id, module_version_id, dependency_kind, dependency_id, is_required)
VALUES ('dep-document-synthesis-policies-no-destructive-commands', 'mv-document-synthesis-0-1-0', 'policy', 'mod-no-destructive-commands', 1)
ON CONFLICT(id) DO UPDATE SET module_version_id = excluded.module_version_id, dependency_kind = excluded.dependency_kind, dependency_id = excluded.dependency_id, is_required = excluded.is_required;

INSERT INTO module_dependencies (id, module_version_id, dependency_kind, dependency_id, is_required)
VALUES ('dep-document-synthesis-validators-general-output-contract', 'mv-document-synthesis-0-1-0', 'validator', 'mod-general-output-contract', 1)
ON CONFLICT(id) DO UPDATE SET module_version_id = excluded.module_version_id, dependency_kind = excluded.dependency_kind, dependency_id = excluded.dependency_id, is_required = excluded.is_required;

INSERT INTO module_dependencies (id, module_version_id, dependency_kind, dependency_id, is_required)
VALUES ('dep-general-task-summary-policies-no-destructive-commands', 'mv-general-task-summary-0-1-0', 'policy', 'mod-no-destructive-commands', 1)
ON CONFLICT(id) DO UPDATE SET module_version_id = excluded.module_version_id, dependency_kind = excluded.dependency_kind, dependency_id = excluded.dependency_id, is_required = excluded.is_required;

INSERT INTO module_dependencies (id, module_version_id, dependency_kind, dependency_id, is_required)
VALUES ('dep-general-task-summary-validators-general-output-contract', 'mv-general-task-summary-0-1-0', 'validator', 'mod-general-output-contract', 1)
ON CONFLICT(id) DO UPDATE SET module_version_id = excluded.module_version_id, dependency_kind = excluded.dependency_kind, dependency_id = excluded.dependency_id, is_required = excluded.is_required;

INSERT INTO module_dependencies (id, module_version_id, dependency_kind, dependency_id, is_required)
VALUES ('dep-git-diff-analysis-data-scopes-repository-readonly', 'mv-git-diff-analysis-0-1-0', 'data_scope', 'mod-repository-readonly', 1)
ON CONFLICT(id) DO UPDATE SET module_version_id = excluded.module_version_id, dependency_kind = excluded.dependency_kind, dependency_id = excluded.dependency_id, is_required = excluded.is_required;

INSERT INTO module_dependencies (id, module_version_id, dependency_kind, dependency_id, is_required)
VALUES ('dep-git-diff-analysis-knowledge-scopes-architecture-docs', 'mv-git-diff-analysis-0-1-0', 'knowledge_scope', 'mod-architecture-docs', 1)
ON CONFLICT(id) DO UPDATE SET module_version_id = excluded.module_version_id, dependency_kind = excluded.dependency_kind, dependency_id = excluded.dependency_id, is_required = excluded.is_required;

INSERT INTO module_dependencies (id, module_version_id, dependency_kind, dependency_id, is_required)
VALUES ('dep-git-diff-analysis-knowledge-scopes-coding-guidelines', 'mv-git-diff-analysis-0-1-0', 'knowledge_scope', 'mod-coding-guidelines', 1)
ON CONFLICT(id) DO UPDATE SET module_version_id = excluded.module_version_id, dependency_kind = excluded.dependency_kind, dependency_id = excluded.dependency_id, is_required = excluded.is_required;

INSERT INTO module_dependencies (id, module_version_id, dependency_kind, dependency_id, is_required)
VALUES ('dep-git-diff-analysis-optional-tools-test-runner', 'mv-git-diff-analysis-0-1-0', 'tool', 'mod-test-runner', 0)
ON CONFLICT(id) DO UPDATE SET module_version_id = excluded.module_version_id, dependency_kind = excluded.dependency_kind, dependency_id = excluded.dependency_id, is_required = excluded.is_required;

INSERT INTO module_dependencies (id, module_version_id, dependency_kind, dependency_id, is_required)
VALUES ('dep-git-diff-analysis-policies-no-destructive-commands', 'mv-git-diff-analysis-0-1-0', 'policy', 'mod-no-destructive-commands', 1)
ON CONFLICT(id) DO UPDATE SET module_version_id = excluded.module_version_id, dependency_kind = excluded.dependency_kind, dependency_id = excluded.dependency_id, is_required = excluded.is_required;

INSERT INTO module_dependencies (id, module_version_id, dependency_kind, dependency_id, is_required)
VALUES ('dep-git-diff-analysis-policies-require-file-references', 'mv-git-diff-analysis-0-1-0', 'policy', 'mod-require-file-references', 1)
ON CONFLICT(id) DO UPDATE SET module_version_id = excluded.module_version_id, dependency_kind = excluded.dependency_kind, dependency_id = excluded.dependency_id, is_required = excluded.is_required;

INSERT INTO module_dependencies (id, module_version_id, dependency_kind, dependency_id, is_required)
VALUES ('dep-git-diff-analysis-required-tools-filesystem-read', 'mv-git-diff-analysis-0-1-0', 'tool', 'mod-filesystem-read', 1)
ON CONFLICT(id) DO UPDATE SET module_version_id = excluded.module_version_id, dependency_kind = excluded.dependency_kind, dependency_id = excluded.dependency_id, is_required = excluded.is_required;

INSERT INTO module_dependencies (id, module_version_id, dependency_kind, dependency_id, is_required)
VALUES ('dep-git-diff-analysis-required-tools-git-read', 'mv-git-diff-analysis-0-1-0', 'tool', 'mod-git-read', 1)
ON CONFLICT(id) DO UPDATE SET module_version_id = excluded.module_version_id, dependency_kind = excluded.dependency_kind, dependency_id = excluded.dependency_id, is_required = excluded.is_required;

INSERT INTO module_dependencies (id, module_version_id, dependency_kind, dependency_id, is_required)
VALUES ('dep-git-diff-analysis-validators-review-findings-contract', 'mv-git-diff-analysis-0-1-0', 'validator', 'mod-review-findings-contract', 1)
ON CONFLICT(id) DO UPDATE SET module_version_id = excluded.module_version_id, dependency_kind = excluded.dependency_kind, dependency_id = excluded.dependency_id, is_required = excluded.is_required;

INSERT INTO module_dependencies (id, module_version_id, dependency_kind, dependency_id, is_required)
VALUES ('dep-project-memory-policies-no-destructive-commands', 'mv-project-memory-0-1-0', 'policy', 'mod-no-destructive-commands', 1)
ON CONFLICT(id) DO UPDATE SET module_version_id = excluded.module_version_id, dependency_kind = excluded.dependency_kind, dependency_id = excluded.dependency_id, is_required = excluded.is_required;

INSERT INTO module_dependencies (id, module_version_id, dependency_kind, dependency_id, is_required)
VALUES ('dep-project-memory-validators-review-findings-contract', 'mv-project-memory-0-1-0', 'validator', 'mod-review-findings-contract', 1)
ON CONFLICT(id) DO UPDATE SET module_version_id = excluded.module_version_id, dependency_kind = excluded.dependency_kind, dependency_id = excluded.dependency_id, is_required = excluded.is_required;

INSERT INTO module_dependencies (id, module_version_id, dependency_kind, dependency_id, is_required)
VALUES ('dep-research-context-synthesis-knowledge-scopes-architecture-docs', 'mv-research-context-synthesis-0-1-0', 'knowledge_scope', 'mod-architecture-docs', 1)
ON CONFLICT(id) DO UPDATE SET module_version_id = excluded.module_version_id, dependency_kind = excluded.dependency_kind, dependency_id = excluded.dependency_id, is_required = excluded.is_required;

INSERT INTO module_dependencies (id, module_version_id, dependency_kind, dependency_id, is_required)
VALUES ('dep-research-context-synthesis-policies-no-destructive-commands', 'mv-research-context-synthesis-0-1-0', 'policy', 'mod-no-destructive-commands', 1)
ON CONFLICT(id) DO UPDATE SET module_version_id = excluded.module_version_id, dependency_kind = excluded.dependency_kind, dependency_id = excluded.dependency_id, is_required = excluded.is_required;

INSERT INTO module_dependencies (id, module_version_id, dependency_kind, dependency_id, is_required)
VALUES ('dep-research-context-synthesis-validators-research-output-contract', 'mv-research-context-synthesis-0-1-0', 'validator', 'mod-research-output-contract', 1)
ON CONFLICT(id) DO UPDATE SET module_version_id = excluded.module_version_id, dependency_kind = excluded.dependency_kind, dependency_id = excluded.dependency_id, is_required = excluded.is_required;

INSERT INTO module_dependencies (id, module_version_id, dependency_kind, dependency_id, is_required)
VALUES ('dep-task-execution-planning-data-scopes-repository-readonly', 'mv-task-execution-planning-0-1-0', 'data_scope', 'mod-repository-readonly', 1)
ON CONFLICT(id) DO UPDATE SET module_version_id = excluded.module_version_id, dependency_kind = excluded.dependency_kind, dependency_id = excluded.dependency_id, is_required = excluded.is_required;

INSERT INTO module_dependencies (id, module_version_id, dependency_kind, dependency_id, is_required)
VALUES ('dep-task-execution-planning-knowledge-scopes-architecture-docs', 'mv-task-execution-planning-0-1-0', 'knowledge_scope', 'mod-architecture-docs', 1)
ON CONFLICT(id) DO UPDATE SET module_version_id = excluded.module_version_id, dependency_kind = excluded.dependency_kind, dependency_id = excluded.dependency_id, is_required = excluded.is_required;

INSERT INTO module_dependencies (id, module_version_id, dependency_kind, dependency_id, is_required)
VALUES ('dep-task-execution-planning-knowledge-scopes-coding-guidelines', 'mv-task-execution-planning-0-1-0', 'knowledge_scope', 'mod-coding-guidelines', 1)
ON CONFLICT(id) DO UPDATE SET module_version_id = excluded.module_version_id, dependency_kind = excluded.dependency_kind, dependency_id = excluded.dependency_id, is_required = excluded.is_required;

INSERT INTO module_dependencies (id, module_version_id, dependency_kind, dependency_id, is_required)
VALUES ('dep-task-execution-planning-optional-tools-test-runner', 'mv-task-execution-planning-0-1-0', 'tool', 'mod-test-runner', 0)
ON CONFLICT(id) DO UPDATE SET module_version_id = excluded.module_version_id, dependency_kind = excluded.dependency_kind, dependency_id = excluded.dependency_id, is_required = excluded.is_required;

INSERT INTO module_dependencies (id, module_version_id, dependency_kind, dependency_id, is_required)
VALUES ('dep-task-execution-planning-policies-no-destructive-commands', 'mv-task-execution-planning-0-1-0', 'policy', 'mod-no-destructive-commands', 1)
ON CONFLICT(id) DO UPDATE SET module_version_id = excluded.module_version_id, dependency_kind = excluded.dependency_kind, dependency_id = excluded.dependency_id, is_required = excluded.is_required;

INSERT INTO module_dependencies (id, module_version_id, dependency_kind, dependency_id, is_required)
VALUES ('dep-task-execution-planning-required-tools-filesystem-list', 'mv-task-execution-planning-0-1-0', 'tool', 'mod-filesystem-list', 1)
ON CONFLICT(id) DO UPDATE SET module_version_id = excluded.module_version_id, dependency_kind = excluded.dependency_kind, dependency_id = excluded.dependency_id, is_required = excluded.is_required;

INSERT INTO module_dependencies (id, module_version_id, dependency_kind, dependency_id, is_required)
VALUES ('dep-task-execution-planning-required-tools-filesystem-read', 'mv-task-execution-planning-0-1-0', 'tool', 'mod-filesystem-read', 1)
ON CONFLICT(id) DO UPDATE SET module_version_id = excluded.module_version_id, dependency_kind = excluded.dependency_kind, dependency_id = excluded.dependency_id, is_required = excluded.is_required;

INSERT INTO module_dependencies (id, module_version_id, dependency_kind, dependency_id, is_required)
VALUES ('dep-task-execution-planning-required-tools-git-read', 'mv-task-execution-planning-0-1-0', 'tool', 'mod-git-read', 1)
ON CONFLICT(id) DO UPDATE SET module_version_id = excluded.module_version_id, dependency_kind = excluded.dependency_kind, dependency_id = excluded.dependency_id, is_required = excluded.is_required;

INSERT INTO module_dependencies (id, module_version_id, dependency_kind, dependency_id, is_required)
VALUES ('dep-task-execution-planning-validators-task-execution-output-contract', 'mv-task-execution-planning-0-1-0', 'validator', 'mod-task-execution-output-contract', 1)
ON CONFLICT(id) DO UPDATE SET module_version_id = excluded.module_version_id, dependency_kind = excluded.dependency_kind, dependency_id = excluded.dependency_id, is_required = excluded.is_required;

INSERT INTO policy_bindings (id, policy_id, target_kind, target_id, effect, priority)
VALUES ('pb-no-destructive-commands-dependency-audit', 'mod-no-destructive-commands', 'module', 'mod-dependency-audit', 'allow', 100)
ON CONFLICT(id) DO UPDATE SET policy_id = excluded.policy_id, target_kind = excluded.target_kind, target_id = excluded.target_id, effect = excluded.effect, priority = excluded.priority;

INSERT INTO policy_bindings (id, policy_id, target_kind, target_id, effect, priority)
VALUES ('pb-no-destructive-commands-document-synthesis', 'mod-no-destructive-commands', 'module', 'mod-document-synthesis', 'allow', 100)
ON CONFLICT(id) DO UPDATE SET policy_id = excluded.policy_id, target_kind = excluded.target_kind, target_id = excluded.target_id, effect = excluded.effect, priority = excluded.priority;

INSERT INTO policy_bindings (id, policy_id, target_kind, target_id, effect, priority)
VALUES ('pb-no-destructive-commands-general-task-summary', 'mod-no-destructive-commands', 'module', 'mod-general-task-summary', 'allow', 100)
ON CONFLICT(id) DO UPDATE SET policy_id = excluded.policy_id, target_kind = excluded.target_kind, target_id = excluded.target_id, effect = excluded.effect, priority = excluded.priority;

INSERT INTO policy_bindings (id, policy_id, target_kind, target_id, effect, priority)
VALUES ('pb-no-destructive-commands-git-diff-analysis', 'mod-no-destructive-commands', 'module', 'mod-git-diff-analysis', 'allow', 100)
ON CONFLICT(id) DO UPDATE SET policy_id = excluded.policy_id, target_kind = excluded.target_kind, target_id = excluded.target_id, effect = excluded.effect, priority = excluded.priority;

INSERT INTO policy_bindings (id, policy_id, target_kind, target_id, effect, priority)
VALUES ('pb-no-destructive-commands-project-memory', 'mod-no-destructive-commands', 'module', 'mod-project-memory', 'allow', 100)
ON CONFLICT(id) DO UPDATE SET policy_id = excluded.policy_id, target_kind = excluded.target_kind, target_id = excluded.target_id, effect = excluded.effect, priority = excluded.priority;

INSERT INTO policy_bindings (id, policy_id, target_kind, target_id, effect, priority)
VALUES ('pb-no-destructive-commands-research-context-synthesis', 'mod-no-destructive-commands', 'module', 'mod-research-context-synthesis', 'allow', 100)
ON CONFLICT(id) DO UPDATE SET policy_id = excluded.policy_id, target_kind = excluded.target_kind, target_id = excluded.target_id, effect = excluded.effect, priority = excluded.priority;

INSERT INTO policy_bindings (id, policy_id, target_kind, target_id, effect, priority)
VALUES ('pb-no-destructive-commands-task-execution-planning', 'mod-no-destructive-commands', 'module', 'mod-task-execution-planning', 'allow', 100)
ON CONFLICT(id) DO UPDATE SET policy_id = excluded.policy_id, target_kind = excluded.target_kind, target_id = excluded.target_id, effect = excluded.effect, priority = excluded.priority;

INSERT INTO policy_bindings (id, policy_id, target_kind, target_id, effect, priority)
VALUES ('pb-require-file-references-git-diff-analysis', 'mod-require-file-references', 'module', 'mod-git-diff-analysis', 'allow', 100)
ON CONFLICT(id) DO UPDATE SET policy_id = excluded.policy_id, target_kind = excluded.target_kind, target_id = excluded.target_id, effect = excluded.effect, priority = excluded.priority;

INSERT INTO scope_bindings (id, scope_id, scope_kind, principal_kind, principal_id, policy_id, effect)
VALUES ('sb-repository-maintainer-architecture-docs', 'mod-architecture-docs', 'knowledge_scope', 'role', 'repository-maintainer', 'mod-no-destructive-commands', 'allow')
ON CONFLICT(id) DO UPDATE SET scope_id = excluded.scope_id, scope_kind = excluded.scope_kind, principal_kind = excluded.principal_kind, principal_id = excluded.principal_id, policy_id = excluded.policy_id, effect = excluded.effect;

INSERT INTO scope_bindings (id, scope_id, scope_kind, principal_kind, principal_id, policy_id, effect)
VALUES ('sb-repository-maintainer-coding-guidelines', 'mod-coding-guidelines', 'knowledge_scope', 'role', 'repository-maintainer', 'mod-no-destructive-commands', 'allow')
ON CONFLICT(id) DO UPDATE SET scope_id = excluded.scope_id, scope_kind = excluded.scope_kind, principal_kind = excluded.principal_kind, principal_id = excluded.principal_id, policy_id = excluded.policy_id, effect = excluded.effect;

INSERT INTO scope_bindings (id, scope_id, scope_kind, principal_kind, principal_id, policy_id, effect)
VALUES ('sb-repository-maintainer-project-memory', 'mod-project-memory', 'memory_scope', 'role', 'repository-maintainer', 'mod-no-destructive-commands', 'allow')
ON CONFLICT(id) DO UPDATE SET scope_id = excluded.scope_id, scope_kind = excluded.scope_kind, principal_kind = excluded.principal_kind, principal_id = excluded.principal_id, policy_id = excluded.policy_id, effect = excluded.effect;

INSERT INTO scope_bindings (id, scope_id, scope_kind, principal_kind, principal_id, policy_id, effect)
VALUES ('sb-repository-maintainer-repository-readonly', 'mod-repository-readonly', 'data_scope', 'role', 'repository-maintainer', 'mod-no-destructive-commands', 'allow')
ON CONFLICT(id) DO UPDATE SET scope_id = excluded.scope_id, scope_kind = excluded.scope_kind, principal_kind = excluded.principal_kind, principal_id = excluded.principal_id, policy_id = excluded.policy_id, effect = excluded.effect;
