-- Generated by scripts/cloudflare/generate_control_plane_seed.py.

-- Source: registry/modules/**/module.json.

INSERT INTO tenants (id, area_id, display_name, legal_name, status, default_locale, contact_email, contact_phone, contact_website, memory_area_brain_id, shared_promotion_allowed, knowledge_scope_id, policy_bundle_json, validators_json, created_at, updated_at)
VALUES ('demo-tenant', 'demo-tenant', 'Demo Tenant', 'Demo Tenant GmbH', 'setup', 'de-DE', 'admin@example.invalid', NULL, 'https://example.invalid', 'brain-area-demo-tenant', 0, 'knowledge-demo-tenant', '["fail-closed-unknown-scope","no-cross-area-access","no-cross-tenant-access","strict-tenant-isolation"]', '["admin-action-validator","knowledge-scope-validator","memory-scope-validator","no-cross-area-scope-validator","no-cross-tenant-scope-validator","skill-scope-compatibility-validator","tenant-profile-validator","tool-scope-compatibility-validator","user-permission-validator"]', '2026-05-22T00:00:00Z', '2026-05-22T00:00:00Z')
ON CONFLICT(id) DO UPDATE SET area_id = excluded.area_id, display_name = excluded.display_name, legal_name = excluded.legal_name, status = excluded.status, default_locale = excluded.default_locale, contact_email = excluded.contact_email, contact_phone = excluded.contact_phone, contact_website = excluded.contact_website, memory_area_brain_id = excluded.memory_area_brain_id, shared_promotion_allowed = excluded.shared_promotion_allowed, knowledge_scope_id = excluded.knowledge_scope_id, policy_bundle_json = excluded.policy_bundle_json, validators_json = excluded.validators_json, created_at = excluded.created_at, updated_at = excluded.updated_at;

INSERT INTO tenants (id, area_id, display_name, legal_name, status, default_locale, contact_email, contact_phone, contact_website, memory_area_brain_id, shared_promotion_allowed, knowledge_scope_id, policy_bundle_json, validators_json, created_at, updated_at)
VALUES ('inactive-demo-tenant', 'inactive-demo-tenant', 'Inactive Demo Tenant', 'Inactive Demo Tenant GmbH', 'disabled', 'de-DE', 'admin-inactive@example.invalid', NULL, 'https://inactive.example.invalid', 'brain-area-inactive-demo-tenant', 0, 'knowledge-inactive-demo-tenant', '["fail-closed-unknown-scope","no-cross-tenant-access","strict-tenant-isolation"]', '["admin-action-validator","knowledge-scope-validator","memory-scope-validator","no-cross-area-scope-validator","no-cross-tenant-scope-validator","skill-scope-compatibility-validator","tenant-profile-validator","tool-scope-compatibility-validator","user-permission-validator"]', '2026-05-22T00:00:00Z', '2026-05-22T00:00:00Z')
ON CONFLICT(id) DO UPDATE SET area_id = excluded.area_id, display_name = excluded.display_name, legal_name = excluded.legal_name, status = excluded.status, default_locale = excluded.default_locale, contact_email = excluded.contact_email, contact_phone = excluded.contact_phone, contact_website = excluded.contact_website, memory_area_brain_id = excluded.memory_area_brain_id, shared_promotion_allowed = excluded.shared_promotion_allowed, knowledge_scope_id = excluded.knowledge_scope_id, policy_bundle_json = excluded.policy_bundle_json, validators_json = excluded.validators_json, created_at = excluded.created_at, updated_at = excluded.updated_at;

INSERT INTO tenants (id, area_id, display_name, legal_name, status, default_locale, contact_email, contact_phone, contact_website, memory_area_brain_id, shared_promotion_allowed, knowledge_scope_id, policy_bundle_json, validators_json, created_at, updated_at)
VALUES ('liquisto', 'liquisto', 'Liquisto', 'Liquisto Technologies GmbH', 'setup', 'de-DE', 'admin@liquisto.com', NULL, 'https://liquisto.com', 'brain-area-liquisto', 0, 'knowledge-liquisto', '["fail-closed-unknown-scope","no-cross-area-access","no-cross-tenant-access","strict-tenant-isolation"]', '["admin-action-validator","knowledge-scope-validator","memory-scope-validator","no-cross-area-scope-validator","no-cross-tenant-scope-validator","skill-scope-compatibility-validator","tenant-profile-validator","tool-scope-compatibility-validator","user-permission-validator"]', '2026-05-22T00:00:00Z', '2026-05-22T00:00:00Z')
ON CONFLICT(id) DO UPDATE SET area_id = excluded.area_id, display_name = excluded.display_name, legal_name = excluded.legal_name, status = excluded.status, default_locale = excluded.default_locale, contact_email = excluded.contact_email, contact_phone = excluded.contact_phone, contact_website = excluded.contact_website, memory_area_brain_id = excluded.memory_area_brain_id, shared_promotion_allowed = excluded.shared_promotion_allowed, knowledge_scope_id = excluded.knowledge_scope_id, policy_bundle_json = excluded.policy_bundle_json, validators_json = excluded.validators_json, created_at = excluded.created_at, updated_at = excluded.updated_at;

INSERT INTO tenant_hostnames (id, tenant_id, hostname, purpose, expected_origin, cloudflare_proxy_expected)
VALUES ('th-demo-tenant-demo-tenant-example-invalid', 'demo-tenant', 'demo-tenant.example.invalid', 'primary-ui', '192.0.2.10', 1)
ON CONFLICT(id) DO UPDATE SET tenant_id = excluded.tenant_id, hostname = excluded.hostname, purpose = excluded.purpose, expected_origin = excluded.expected_origin, cloudflare_proxy_expected = excluded.cloudflare_proxy_expected;

INSERT INTO tenant_hostnames (id, tenant_id, hostname, purpose, expected_origin, cloudflare_proxy_expected)
VALUES ('th-inactive-demo-tenant-inactive-demo-tenant-example-invalid', 'inactive-demo-tenant', 'inactive-demo-tenant.example.invalid', 'primary-ui', '192.0.2.11', 1)
ON CONFLICT(id) DO UPDATE SET tenant_id = excluded.tenant_id, hostname = excluded.hostname, purpose = excluded.purpose, expected_origin = excluded.expected_origin, cloudflare_proxy_expected = excluded.cloudflare_proxy_expected;

INSERT INTO tenant_hostnames (id, tenant_id, hostname, purpose, expected_origin, cloudflare_proxy_expected)
VALUES ('th-liquisto-liquisto-condata-io', 'liquisto', 'liquisto.condata.io', 'primary-ui', '178.105.62.169', 1)
ON CONFLICT(id) DO UPDATE SET tenant_id = excluded.tenant_id, hostname = excluded.hostname, purpose = excluded.purpose, expected_origin = excluded.expected_origin, cloudflare_proxy_expected = excluded.cloudflare_proxy_expected;

INSERT INTO tenant_data_sources (id, tenant_id, source_type, display_name, access_modes_json, status, sensitivity)
VALUES ('demo-tenant-website', 'demo-tenant', 'website', 'Demo Tenant Website', '["read"]', 'planned', 'public')
ON CONFLICT(id) DO UPDATE SET tenant_id = excluded.tenant_id, source_type = excluded.source_type, display_name = excluded.display_name, access_modes_json = excluded.access_modes_json, status = excluded.status, sensitivity = excluded.sensitivity;

INSERT INTO tenant_data_sources (id, tenant_id, source_type, display_name, access_modes_json, status, sensitivity)
VALUES ('inactive-demo-tenant-website', 'inactive-demo-tenant', 'website', 'Inactive Demo Tenant Website', '["read"]', 'disabled', 'public')
ON CONFLICT(id) DO UPDATE SET tenant_id = excluded.tenant_id, source_type = excluded.source_type, display_name = excluded.display_name, access_modes_json = excluded.access_modes_json, status = excluded.status, sensitivity = excluded.sensitivity;

INSERT INTO tenant_data_sources (id, tenant_id, source_type, display_name, access_modes_json, status, sensitivity)
VALUES ('liquisto-website', 'liquisto', 'website', 'Liquisto Website', '["read"]', 'planned', 'public')
ON CONFLICT(id) DO UPDATE SET tenant_id = excluded.tenant_id, source_type = excluded.source_type, display_name = excluded.display_name, access_modes_json = excluded.access_modes_json, status = excluded.status, sensitivity = excluded.sensitivity;

INSERT INTO tenant_role_bundles (id, tenant_id, display_name, role_type, assignable_to_users, derived_skills_json, derived_workflows_json, derived_tools_json, derived_policies_json, derived_validators_json)
VALUES ('demo-tenant-owner', 'demo-tenant', 'Tenant Owner', 'system', 1, '["research-context-synthesis"]', '["research-intake","tenant-admin"]', '["filesystem-list","filesystem-read"]', '["no-cross-area-access","no-cross-tenant-access","no-destructive-commands","strict-tenant-isolation"]', '["admin-action-validator","knowledge-scope-validator","no-cross-area-scope-validator","no-cross-tenant-scope-validator","research-output-contract","tenant-profile-validator","user-permission-validator"]')
ON CONFLICT(id) DO UPDATE SET tenant_id = excluded.tenant_id, display_name = excluded.display_name, role_type = excluded.role_type, assignable_to_users = excluded.assignable_to_users, derived_skills_json = excluded.derived_skills_json, derived_workflows_json = excluded.derived_workflows_json, derived_tools_json = excluded.derived_tools_json, derived_policies_json = excluded.derived_policies_json, derived_validators_json = excluded.derived_validators_json;

INSERT INTO tenant_role_bundles (id, tenant_id, display_name, role_type, assignable_to_users, derived_skills_json, derived_workflows_json, derived_tools_json, derived_policies_json, derived_validators_json)
VALUES ('demo-tenant-researcher', 'demo-tenant', 'Researcher', 'tenant-custom', 1, '["research-context-synthesis"]', '["research-intake"]', '["filesystem-list","filesystem-read"]', '["no-cross-area-access","no-cross-tenant-access","no-destructive-commands","strict-tenant-isolation"]', '["knowledge-scope-validator","no-cross-area-scope-validator","no-cross-tenant-scope-validator","research-output-contract","tenant-profile-validator"]')
ON CONFLICT(id) DO UPDATE SET tenant_id = excluded.tenant_id, display_name = excluded.display_name, role_type = excluded.role_type, assignable_to_users = excluded.assignable_to_users, derived_skills_json = excluded.derived_skills_json, derived_workflows_json = excluded.derived_workflows_json, derived_tools_json = excluded.derived_tools_json, derived_policies_json = excluded.derived_policies_json, derived_validators_json = excluded.derived_validators_json;

INSERT INTO tenant_role_bundles (id, tenant_id, display_name, role_type, assignable_to_users, derived_skills_json, derived_workflows_json, derived_tools_json, derived_policies_json, derived_validators_json)
VALUES ('inactive-demo-tenant-owner', 'inactive-demo-tenant', 'Tenant Owner', 'system', 1, '["research-context-synthesis"]', '["research-intake","tenant-admin"]', '[]', '["no-cross-area-access","no-cross-tenant-access","strict-tenant-isolation"]', '["admin-action-validator","knowledge-scope-validator","no-cross-area-scope-validator","no-cross-tenant-scope-validator","tenant-profile-validator","user-permission-validator"]')
ON CONFLICT(id) DO UPDATE SET tenant_id = excluded.tenant_id, display_name = excluded.display_name, role_type = excluded.role_type, assignable_to_users = excluded.assignable_to_users, derived_skills_json = excluded.derived_skills_json, derived_workflows_json = excluded.derived_workflows_json, derived_tools_json = excluded.derived_tools_json, derived_policies_json = excluded.derived_policies_json, derived_validators_json = excluded.derived_validators_json;

INSERT INTO tenant_role_bundles (id, tenant_id, display_name, role_type, assignable_to_users, derived_skills_json, derived_workflows_json, derived_tools_json, derived_policies_json, derived_validators_json)
VALUES ('liquisto-owner', 'liquisto', 'Tenant Owner', 'system', 1, '["research-context-synthesis"]', '["research-intake","tenant-admin"]', '["filesystem-list","filesystem-read"]', '["no-cross-area-access","no-cross-tenant-access","no-destructive-commands","strict-tenant-isolation"]', '["admin-action-validator","knowledge-scope-validator","no-cross-area-scope-validator","no-cross-tenant-scope-validator","research-output-contract","tenant-profile-validator","user-permission-validator"]')
ON CONFLICT(id) DO UPDATE SET tenant_id = excluded.tenant_id, display_name = excluded.display_name, role_type = excluded.role_type, assignable_to_users = excluded.assignable_to_users, derived_skills_json = excluded.derived_skills_json, derived_workflows_json = excluded.derived_workflows_json, derived_tools_json = excluded.derived_tools_json, derived_policies_json = excluded.derived_policies_json, derived_validators_json = excluded.derived_validators_json;

INSERT INTO tenant_role_bundles (id, tenant_id, display_name, role_type, assignable_to_users, derived_skills_json, derived_workflows_json, derived_tools_json, derived_policies_json, derived_validators_json)
VALUES ('liquisto-researcher', 'liquisto', 'Researcher', 'tenant-custom', 1, '["research-context-synthesis"]', '["research-intake"]', '["filesystem-list","filesystem-read"]', '["no-cross-area-access","no-cross-tenant-access","no-destructive-commands","strict-tenant-isolation"]', '["knowledge-scope-validator","no-cross-area-scope-validator","no-cross-tenant-scope-validator","research-output-contract","tenant-profile-validator"]')
ON CONFLICT(id) DO UPDATE SET tenant_id = excluded.tenant_id, display_name = excluded.display_name, role_type = excluded.role_type, assignable_to_users = excluded.assignable_to_users, derived_skills_json = excluded.derived_skills_json, derived_workflows_json = excluded.derived_workflows_json, derived_tools_json = excluded.derived_tools_json, derived_policies_json = excluded.derived_policies_json, derived_validators_json = excluded.derived_validators_json;

INSERT INTO tenant_memberships (id, tenant_id, principal_id, status, role_ids_json, created_at, updated_at)
VALUES ('tm-demo-tenant-repository-maintainer', 'demo-tenant', 'repository-maintainer', 'active', '["demo-tenant-owner"]', '2026-05-22T00:00:00Z', '2026-05-22T00:00:00Z')
ON CONFLICT(id) DO UPDATE SET tenant_id = excluded.tenant_id, principal_id = excluded.principal_id, status = excluded.status, role_ids_json = excluded.role_ids_json, created_at = excluded.created_at, updated_at = excluded.updated_at;

INSERT INTO tenant_memberships (id, tenant_id, principal_id, status, role_ids_json, created_at, updated_at)
VALUES ('tm-inactive-demo-tenant-repository-maintainer', 'inactive-demo-tenant', 'repository-maintainer', 'active', '["inactive-demo-tenant-owner"]', '2026-05-22T00:00:00Z', '2026-05-22T00:00:00Z')
ON CONFLICT(id) DO UPDATE SET tenant_id = excluded.tenant_id, principal_id = excluded.principal_id, status = excluded.status, role_ids_json = excluded.role_ids_json, created_at = excluded.created_at, updated_at = excluded.updated_at;

INSERT INTO tenant_memberships (id, tenant_id, principal_id, status, role_ids_json, created_at, updated_at)
VALUES ('tm-liquisto-repository-maintainer', 'liquisto', 'repository-maintainer', 'active', '["liquisto-owner"]', '2026-05-22T00:00:00Z', '2026-05-22T00:00:00Z')
ON CONFLICT(id) DO UPDATE SET tenant_id = excluded.tenant_id, principal_id = excluded.principal_id, status = excluded.status, role_ids_json = excluded.role_ids_json, created_at = excluded.created_at, updated_at = excluded.updated_at;

INSERT INTO tenant_role_capability_grants (id, tenant_id, role_bundle_id, capability_id)
VALUES ('trcg-demo-tenant-owner-research', 'demo-tenant', 'demo-tenant-owner', 'research')
ON CONFLICT(id) DO UPDATE SET tenant_id = excluded.tenant_id, role_bundle_id = excluded.role_bundle_id, capability_id = excluded.capability_id;

INSERT INTO tenant_role_capability_grants (id, tenant_id, role_bundle_id, capability_id)
VALUES ('trcg-demo-tenant-owner-tenant-admin', 'demo-tenant', 'demo-tenant-owner', 'tenant-admin')
ON CONFLICT(id) DO UPDATE SET tenant_id = excluded.tenant_id, role_bundle_id = excluded.role_bundle_id, capability_id = excluded.capability_id;

INSERT INTO tenant_role_capability_grants (id, tenant_id, role_bundle_id, capability_id)
VALUES ('trcg-demo-tenant-researcher-research', 'demo-tenant', 'demo-tenant-researcher', 'research')
ON CONFLICT(id) DO UPDATE SET tenant_id = excluded.tenant_id, role_bundle_id = excluded.role_bundle_id, capability_id = excluded.capability_id;

INSERT INTO tenant_role_capability_grants (id, tenant_id, role_bundle_id, capability_id)
VALUES ('trcg-inactive-demo-tenant-owner-research', 'inactive-demo-tenant', 'inactive-demo-tenant-owner', 'research')
ON CONFLICT(id) DO UPDATE SET tenant_id = excluded.tenant_id, role_bundle_id = excluded.role_bundle_id, capability_id = excluded.capability_id;

INSERT INTO tenant_role_capability_grants (id, tenant_id, role_bundle_id, capability_id)
VALUES ('trcg-inactive-demo-tenant-owner-tenant-admin', 'inactive-demo-tenant', 'inactive-demo-tenant-owner', 'tenant-admin')
ON CONFLICT(id) DO UPDATE SET tenant_id = excluded.tenant_id, role_bundle_id = excluded.role_bundle_id, capability_id = excluded.capability_id;

INSERT INTO tenant_role_capability_grants (id, tenant_id, role_bundle_id, capability_id)
VALUES ('trcg-liquisto-owner-research', 'liquisto', 'liquisto-owner', 'research')
ON CONFLICT(id) DO UPDATE SET tenant_id = excluded.tenant_id, role_bundle_id = excluded.role_bundle_id, capability_id = excluded.capability_id;

INSERT INTO tenant_role_capability_grants (id, tenant_id, role_bundle_id, capability_id)
VALUES ('trcg-liquisto-owner-tenant-admin', 'liquisto', 'liquisto-owner', 'tenant-admin')
ON CONFLICT(id) DO UPDATE SET tenant_id = excluded.tenant_id, role_bundle_id = excluded.role_bundle_id, capability_id = excluded.capability_id;

INSERT INTO tenant_role_capability_grants (id, tenant_id, role_bundle_id, capability_id)
VALUES ('trcg-liquisto-researcher-research', 'liquisto', 'liquisto-researcher', 'research')
ON CONFLICT(id) DO UPDATE SET tenant_id = excluded.tenant_id, role_bundle_id = excluded.role_bundle_id, capability_id = excluded.capability_id;

INSERT INTO tenant_role_data_source_grants (id, tenant_id, role_bundle_id, data_source_id, access_modes_json)
VALUES ('trdsg-demo-tenant-owner-demo-tenant-website', 'demo-tenant', 'demo-tenant-owner', 'demo-tenant-website', '["read"]')
ON CONFLICT(id) DO UPDATE SET tenant_id = excluded.tenant_id, role_bundle_id = excluded.role_bundle_id, data_source_id = excluded.data_source_id, access_modes_json = excluded.access_modes_json;

INSERT INTO tenant_role_data_source_grants (id, tenant_id, role_bundle_id, data_source_id, access_modes_json)
VALUES ('trdsg-demo-tenant-researcher-demo-tenant-website', 'demo-tenant', 'demo-tenant-researcher', 'demo-tenant-website', '["read"]')
ON CONFLICT(id) DO UPDATE SET tenant_id = excluded.tenant_id, role_bundle_id = excluded.role_bundle_id, data_source_id = excluded.data_source_id, access_modes_json = excluded.access_modes_json;

INSERT INTO tenant_role_data_source_grants (id, tenant_id, role_bundle_id, data_source_id, access_modes_json)
VALUES ('trdsg-inactive-demo-tenant-owner-inactive-demo-tenant-website', 'inactive-demo-tenant', 'inactive-demo-tenant-owner', 'inactive-demo-tenant-website', '["read"]')
ON CONFLICT(id) DO UPDATE SET tenant_id = excluded.tenant_id, role_bundle_id = excluded.role_bundle_id, data_source_id = excluded.data_source_id, access_modes_json = excluded.access_modes_json;

INSERT INTO tenant_role_data_source_grants (id, tenant_id, role_bundle_id, data_source_id, access_modes_json)
VALUES ('trdsg-liquisto-owner-liquisto-website', 'liquisto', 'liquisto-owner', 'liquisto-website', '["read"]')
ON CONFLICT(id) DO UPDATE SET tenant_id = excluded.tenant_id, role_bundle_id = excluded.role_bundle_id, data_source_id = excluded.data_source_id, access_modes_json = excluded.access_modes_json;

INSERT INTO tenant_role_data_source_grants (id, tenant_id, role_bundle_id, data_source_id, access_modes_json)
VALUES ('trdsg-liquisto-researcher-liquisto-website', 'liquisto', 'liquisto-researcher', 'liquisto-website', '["read"]')
ON CONFLICT(id) DO UPDATE SET tenant_id = excluded.tenant_id, role_bundle_id = excluded.role_bundle_id, data_source_id = excluded.data_source_id, access_modes_json = excluded.access_modes_json;

INSERT INTO modules (id, name, kind, status, current_version_id, created_at, updated_at)
VALUES ('mod-architecture-docs', 'architecture-docs', 'knowledge_scope', 'active', 'mv-architecture-docs-0-1-0', '2026-05-22T00:00:00Z', '2026-05-22T00:00:00Z')
ON CONFLICT(id) DO UPDATE SET name = excluded.name, kind = excluded.kind, status = excluded.status, current_version_id = excluded.current_version_id, created_at = excluded.created_at, updated_at = excluded.updated_at;

INSERT INTO modules (id, name, kind, status, current_version_id, created_at, updated_at)
VALUES ('mod-coding-guidelines', 'coding-guidelines', 'knowledge_scope', 'active', 'mv-coding-guidelines-0-1-0', '2026-05-22T00:00:00Z', '2026-05-22T00:00:00Z')
ON CONFLICT(id) DO UPDATE SET name = excluded.name, kind = excluded.kind, status = excluded.status, current_version_id = excluded.current_version_id, created_at = excluded.created_at, updated_at = excluded.updated_at;

INSERT INTO modules (id, name, kind, status, current_version_id, created_at, updated_at)
VALUES ('mod-demo-tenant-website-read', 'demo-tenant-website-read', 'data_scope', 'active', 'mv-demo-tenant-website-read-0-1-0', '2026-05-22T00:00:00Z', '2026-05-22T00:00:00Z')
ON CONFLICT(id) DO UPDATE SET name = excluded.name, kind = excluded.kind, status = excluded.status, current_version_id = excluded.current_version_id, created_at = excluded.created_at, updated_at = excluded.updated_at;

INSERT INTO modules (id, name, kind, status, current_version_id, created_at, updated_at)
VALUES ('mod-dependency-audit', 'dependency-audit', 'skill', 'active', 'mv-dependency-audit-0-1-0', '2026-05-22T00:00:00Z', '2026-05-22T00:00:00Z')
ON CONFLICT(id) DO UPDATE SET name = excluded.name, kind = excluded.kind, status = excluded.status, current_version_id = excluded.current_version_id, created_at = excluded.created_at, updated_at = excluded.updated_at;

INSERT INTO modules (id, name, kind, status, current_version_id, created_at, updated_at)
VALUES ('mod-document-synthesis', 'document-synthesis', 'skill', 'active', 'mv-document-synthesis-0-1-0', '2026-05-22T00:00:00Z', '2026-05-22T00:00:00Z')
ON CONFLICT(id) DO UPDATE SET name = excluded.name, kind = excluded.kind, status = excluded.status, current_version_id = excluded.current_version_id, created_at = excluded.created_at, updated_at = excluded.updated_at;

INSERT INTO modules (id, name, kind, status, current_version_id, created_at, updated_at)
VALUES ('mod-filesystem-list', 'filesystem-list', 'tool', 'active', 'mv-filesystem-list-0-1-0', '2026-05-22T00:00:00Z', '2026-05-22T00:00:00Z')
ON CONFLICT(id) DO UPDATE SET name = excluded.name, kind = excluded.kind, status = excluded.status, current_version_id = excluded.current_version_id, created_at = excluded.created_at, updated_at = excluded.updated_at;

INSERT INTO modules (id, name, kind, status, current_version_id, created_at, updated_at)
VALUES ('mod-filesystem-read', 'filesystem-read', 'tool', 'active', 'mv-filesystem-read-0-1-0', '2026-05-22T00:00:00Z', '2026-05-22T00:00:00Z')
ON CONFLICT(id) DO UPDATE SET name = excluded.name, kind = excluded.kind, status = excluded.status, current_version_id = excluded.current_version_id, created_at = excluded.created_at, updated_at = excluded.updated_at;

INSERT INTO modules (id, name, kind, status, current_version_id, created_at, updated_at)
VALUES ('mod-general-output-contract', 'general-output-contract', 'validator', 'active', 'mv-general-output-contract-0-1-0', '2026-05-22T00:00:00Z', '2026-05-22T00:00:00Z')
ON CONFLICT(id) DO UPDATE SET name = excluded.name, kind = excluded.kind, status = excluded.status, current_version_id = excluded.current_version_id, created_at = excluded.created_at, updated_at = excluded.updated_at;

INSERT INTO modules (id, name, kind, status, current_version_id, created_at, updated_at)
VALUES ('mod-general-task-summary', 'general-task-summary', 'skill', 'active', 'mv-general-task-summary-0-1-0', '2026-05-22T00:00:00Z', '2026-05-22T00:00:00Z')
ON CONFLICT(id) DO UPDATE SET name = excluded.name, kind = excluded.kind, status = excluded.status, current_version_id = excluded.current_version_id, created_at = excluded.created_at, updated_at = excluded.updated_at;

INSERT INTO modules (id, name, kind, status, current_version_id, created_at, updated_at)
VALUES ('mod-git-diff-analysis', 'git-diff-analysis', 'skill', 'active', 'mv-git-diff-analysis-0-1-0', '2026-05-22T00:00:00Z', '2026-05-22T00:00:00Z')
ON CONFLICT(id) DO UPDATE SET name = excluded.name, kind = excluded.kind, status = excluded.status, current_version_id = excluded.current_version_id, created_at = excluded.created_at, updated_at = excluded.updated_at;

INSERT INTO modules (id, name, kind, status, current_version_id, created_at, updated_at)
VALUES ('mod-git-read', 'git-read', 'tool', 'active', 'mv-git-read-0-1-0', '2026-05-22T00:00:00Z', '2026-05-22T00:00:00Z')
ON CONFLICT(id) DO UPDATE SET name = excluded.name, kind = excluded.kind, status = excluded.status, current_version_id = excluded.current_version_id, created_at = excluded.created_at, updated_at = excluded.updated_at;

INSERT INTO modules (id, name, kind, status, current_version_id, created_at, updated_at)
VALUES ('mod-inactive-demo-tenant-website-read', 'inactive-demo-tenant-website-read', 'data_scope', 'active', 'mv-inactive-demo-tenant-website-read-0-1-0', '2026-05-22T00:00:00Z', '2026-05-22T00:00:00Z')
ON CONFLICT(id) DO UPDATE SET name = excluded.name, kind = excluded.kind, status = excluded.status, current_version_id = excluded.current_version_id, created_at = excluded.created_at, updated_at = excluded.updated_at;

INSERT INTO modules (id, name, kind, status, current_version_id, created_at, updated_at)
VALUES ('mod-knowledge-demo-tenant-docs', 'knowledge-demo-tenant-docs', 'knowledge_scope', 'active', 'mv-knowledge-demo-tenant-docs-0-1-0', '2026-05-22T00:00:00Z', '2026-05-22T00:00:00Z')
ON CONFLICT(id) DO UPDATE SET name = excluded.name, kind = excluded.kind, status = excluded.status, current_version_id = excluded.current_version_id, created_at = excluded.created_at, updated_at = excluded.updated_at;

INSERT INTO modules (id, name, kind, status, current_version_id, created_at, updated_at)
VALUES ('mod-knowledge-inactive-demo-tenant-docs', 'knowledge-inactive-demo-tenant-docs', 'knowledge_scope', 'active', 'mv-knowledge-inactive-demo-tenant-docs-0-1-0', '2026-05-22T00:00:00Z', '2026-05-22T00:00:00Z')
ON CONFLICT(id) DO UPDATE SET name = excluded.name, kind = excluded.kind, status = excluded.status, current_version_id = excluded.current_version_id, created_at = excluded.created_at, updated_at = excluded.updated_at;

INSERT INTO modules (id, name, kind, status, current_version_id, created_at, updated_at)
VALUES ('mod-knowledge-liquisto-docs', 'knowledge-liquisto-docs', 'knowledge_scope', 'active', 'mv-knowledge-liquisto-docs-0-1-0', '2026-05-22T00:00:00Z', '2026-05-22T00:00:00Z')
ON CONFLICT(id) DO UPDATE SET name = excluded.name, kind = excluded.kind, status = excluded.status, current_version_id = excluded.current_version_id, created_at = excluded.created_at, updated_at = excluded.updated_at;

INSERT INTO modules (id, name, kind, status, current_version_id, created_at, updated_at)
VALUES ('mod-liquisto-website-read', 'liquisto-website-read', 'data_scope', 'active', 'mv-liquisto-website-read-0-1-0', '2026-05-22T00:00:00Z', '2026-05-22T00:00:00Z')
ON CONFLICT(id) DO UPDATE SET name = excluded.name, kind = excluded.kind, status = excluded.status, current_version_id = excluded.current_version_id, created_at = excluded.created_at, updated_at = excluded.updated_at;

INSERT INTO modules (id, name, kind, status, current_version_id, created_at, updated_at)
VALUES ('mod-no-destructive-commands', 'no-destructive-commands', 'policy', 'active', 'mv-no-destructive-commands-0-1-0', '2026-05-22T00:00:00Z', '2026-05-22T00:00:00Z')
ON CONFLICT(id) DO UPDATE SET name = excluded.name, kind = excluded.kind, status = excluded.status, current_version_id = excluded.current_version_id, created_at = excluded.created_at, updated_at = excluded.updated_at;

INSERT INTO modules (id, name, kind, status, current_version_id, created_at, updated_at)
VALUES ('mod-project-memory', 'project-memory', 'memory_scope', 'active', 'mv-project-memory-0-1-0', '2026-05-22T00:00:00Z', '2026-05-22T00:00:00Z')
ON CONFLICT(id) DO UPDATE SET name = excluded.name, kind = excluded.kind, status = excluded.status, current_version_id = excluded.current_version_id, created_at = excluded.created_at, updated_at = excluded.updated_at;

INSERT INTO modules (id, name, kind, status, current_version_id, created_at, updated_at)
VALUES ('mod-repository-readonly', 'repository-readonly', 'data_scope', 'active', 'mv-repository-readonly-0-1-0', '2026-05-22T00:00:00Z', '2026-05-22T00:00:00Z')
ON CONFLICT(id) DO UPDATE SET name = excluded.name, kind = excluded.kind, status = excluded.status, current_version_id = excluded.current_version_id, created_at = excluded.created_at, updated_at = excluded.updated_at;

INSERT INTO modules (id, name, kind, status, current_version_id, created_at, updated_at)
VALUES ('mod-require-file-references', 'require-file-references', 'policy', 'active', 'mv-require-file-references-0-1-0', '2026-05-22T00:00:00Z', '2026-05-22T00:00:00Z')
ON CONFLICT(id) DO UPDATE SET name = excluded.name, kind = excluded.kind, status = excluded.status, current_version_id = excluded.current_version_id, created_at = excluded.created_at, updated_at = excluded.updated_at;

INSERT INTO modules (id, name, kind, status, current_version_id, created_at, updated_at)
VALUES ('mod-research-context-synthesis', 'research-context-synthesis', 'skill', 'active', 'mv-research-context-synthesis-0-1-0', '2026-05-22T00:00:00Z', '2026-05-22T00:00:00Z')
ON CONFLICT(id) DO UPDATE SET name = excluded.name, kind = excluded.kind, status = excluded.status, current_version_id = excluded.current_version_id, created_at = excluded.created_at, updated_at = excluded.updated_at;

INSERT INTO modules (id, name, kind, status, current_version_id, created_at, updated_at)
VALUES ('mod-research-output-contract', 'research-output-contract', 'validator', 'active', 'mv-research-output-contract-0-1-0', '2026-05-22T00:00:00Z', '2026-05-22T00:00:00Z')
ON CONFLICT(id) DO UPDATE SET name = excluded.name, kind = excluded.kind, status = excluded.status, current_version_id = excluded.current_version_id, created_at = excluded.created_at, updated_at = excluded.updated_at;

INSERT INTO modules (id, name, kind, status, current_version_id, created_at, updated_at)
VALUES ('mod-review-findings-contract', 'review-findings-contract', 'validator', 'active', 'mv-review-findings-contract-0-1-0', '2026-05-22T00:00:00Z', '2026-05-22T00:00:00Z')
ON CONFLICT(id) DO UPDATE SET name = excluded.name, kind = excluded.kind, status = excluded.status, current_version_id = excluded.current_version_id, created_at = excluded.created_at, updated_at = excluded.updated_at;

INSERT INTO modules (id, name, kind, status, current_version_id, created_at, updated_at)
VALUES ('mod-task-execution-output-contract', 'task-execution-output-contract', 'validator', 'active', 'mv-task-execution-output-contract-0-1-0', '2026-05-22T00:00:00Z', '2026-05-22T00:00:00Z')
ON CONFLICT(id) DO UPDATE SET name = excluded.name, kind = excluded.kind, status = excluded.status, current_version_id = excluded.current_version_id, created_at = excluded.created_at, updated_at = excluded.updated_at;

INSERT INTO modules (id, name, kind, status, current_version_id, created_at, updated_at)
VALUES ('mod-task-execution-planning', 'task-execution-planning', 'skill', 'active', 'mv-task-execution-planning-0-1-0', '2026-05-22T00:00:00Z', '2026-05-22T00:00:00Z')
ON CONFLICT(id) DO UPDATE SET name = excluded.name, kind = excluded.kind, status = excluded.status, current_version_id = excluded.current_version_id, created_at = excluded.created_at, updated_at = excluded.updated_at;

INSERT INTO modules (id, name, kind, status, current_version_id, created_at, updated_at)
VALUES ('mod-test-runner', 'test-runner', 'tool', 'active', 'mv-test-runner-0-1-0', '2026-05-22T00:00:00Z', '2026-05-22T00:00:00Z')
ON CONFLICT(id) DO UPDATE SET name = excluded.name, kind = excluded.kind, status = excluded.status, current_version_id = excluded.current_version_id, created_at = excluded.created_at, updated_at = excluded.updated_at;

INSERT INTO module_versions (id, module_id, version, source_uri, checksum, selection_base_score, created_at)
VALUES ('mv-architecture-docs-0-1-0', 'mod-architecture-docs', '0.1.0', 'repo://registry/modules/knowledge-scopes/architecture-docs/module.json', 'sha256:12007db7f915fd43a03bb2c78484a6cd757ac68dfbb9b7050b524c3611fcac42', 0.0, '2026-05-22T00:00:00Z')
ON CONFLICT(id) DO UPDATE SET module_id = excluded.module_id, version = excluded.version, source_uri = excluded.source_uri, checksum = excluded.checksum, selection_base_score = excluded.selection_base_score, created_at = excluded.created_at;

INSERT INTO module_versions (id, module_id, version, source_uri, checksum, selection_base_score, created_at)
VALUES ('mv-coding-guidelines-0-1-0', 'mod-coding-guidelines', '0.1.0', 'repo://registry/modules/knowledge-scopes/coding-guidelines/module.json', 'sha256:7bcb5daac1a9f4a914e1e0bcb9df4be4ffef2b9d70d2338baa613d4bc90ef47c', 0.0, '2026-05-22T00:00:00Z')
ON CONFLICT(id) DO UPDATE SET module_id = excluded.module_id, version = excluded.version, source_uri = excluded.source_uri, checksum = excluded.checksum, selection_base_score = excluded.selection_base_score, created_at = excluded.created_at;

INSERT INTO module_versions (id, module_id, version, source_uri, checksum, selection_base_score, created_at)
VALUES ('mv-demo-tenant-website-read-0-1-0', 'mod-demo-tenant-website-read', '0.1.0', 'generated://tenant-scope/demo-tenant-website-read', 'sha256:generated-demo-tenant-website-read', 0.5, '2026-05-22T00:00:00Z')
ON CONFLICT(id) DO UPDATE SET module_id = excluded.module_id, version = excluded.version, source_uri = excluded.source_uri, checksum = excluded.checksum, selection_base_score = excluded.selection_base_score, created_at = excluded.created_at;

INSERT INTO module_versions (id, module_id, version, source_uri, checksum, selection_base_score, created_at)
VALUES ('mv-dependency-audit-0-1-0', 'mod-dependency-audit', '0.1.0', 'repo://registry/modules/skills/dependency-audit/module.json', 'sha256:b5cee8674a2e6be93d2061fc122d9b618f0458837b68b5353bef063de73fc68a', 0.69, '2026-05-22T00:00:00Z')
ON CONFLICT(id) DO UPDATE SET module_id = excluded.module_id, version = excluded.version, source_uri = excluded.source_uri, checksum = excluded.checksum, selection_base_score = excluded.selection_base_score, created_at = excluded.created_at;

INSERT INTO module_versions (id, module_id, version, source_uri, checksum, selection_base_score, created_at)
VALUES ('mv-document-synthesis-0-1-0', 'mod-document-synthesis', '0.1.0', 'repo://registry/modules/skills/document-synthesis/module.json', 'sha256:c0efb0a5772df1510b68b65bda4d1086871fac9d38a09ae057021e14aae9ce86', 0.66, '2026-05-22T00:00:00Z')
ON CONFLICT(id) DO UPDATE SET module_id = excluded.module_id, version = excluded.version, source_uri = excluded.source_uri, checksum = excluded.checksum, selection_base_score = excluded.selection_base_score, created_at = excluded.created_at;

INSERT INTO module_versions (id, module_id, version, source_uri, checksum, selection_base_score, created_at)
VALUES ('mv-filesystem-list-0-1-0', 'mod-filesystem-list', '0.1.0', 'repo://registry/modules/tools/filesystem-list/module.json', 'sha256:bd2c9da4dcbb7cc3fc5a36629207dbe7e7d93c26a22cbbbce21112c74d36e5c3', 0.0, '2026-05-22T00:00:00Z')
ON CONFLICT(id) DO UPDATE SET module_id = excluded.module_id, version = excluded.version, source_uri = excluded.source_uri, checksum = excluded.checksum, selection_base_score = excluded.selection_base_score, created_at = excluded.created_at;

INSERT INTO module_versions (id, module_id, version, source_uri, checksum, selection_base_score, created_at)
VALUES ('mv-filesystem-read-0-1-0', 'mod-filesystem-read', '0.1.0', 'repo://registry/modules/tools/filesystem-read/module.json', 'sha256:f973c28f15f6b82ce12148c6bde6af9e1124a555324da620f421225e060cb3a9', 0.0, '2026-05-22T00:00:00Z')
ON CONFLICT(id) DO UPDATE SET module_id = excluded.module_id, version = excluded.version, source_uri = excluded.source_uri, checksum = excluded.checksum, selection_base_score = excluded.selection_base_score, created_at = excluded.created_at;

INSERT INTO module_versions (id, module_id, version, source_uri, checksum, selection_base_score, created_at)
VALUES ('mv-general-output-contract-0-1-0', 'mod-general-output-contract', '0.1.0', 'repo://registry/modules/validators/general-output-contract/module.json', 'sha256:703ad8946d336b77c59e0e62b8bd3b80d9ae6a4cad8ce0558a7c8c1ed6f191b0', 0.0, '2026-05-22T00:00:00Z')
ON CONFLICT(id) DO UPDATE SET module_id = excluded.module_id, version = excluded.version, source_uri = excluded.source_uri, checksum = excluded.checksum, selection_base_score = excluded.selection_base_score, created_at = excluded.created_at;

INSERT INTO module_versions (id, module_id, version, source_uri, checksum, selection_base_score, created_at)
VALUES ('mv-general-task-summary-0-1-0', 'mod-general-task-summary', '0.1.0', 'repo://registry/modules/skills/general-task-summary/module.json', 'sha256:4397b845ec21f571e258947c46c3db9e0224b2e80f77802a735ac42fbd20858c', 0.62, '2026-05-22T00:00:00Z')
ON CONFLICT(id) DO UPDATE SET module_id = excluded.module_id, version = excluded.version, source_uri = excluded.source_uri, checksum = excluded.checksum, selection_base_score = excluded.selection_base_score, created_at = excluded.created_at;

INSERT INTO module_versions (id, module_id, version, source_uri, checksum, selection_base_score, created_at)
VALUES ('mv-git-diff-analysis-0-1-0', 'mod-git-diff-analysis', '0.1.0', 'repo://registry/modules/skills/git-diff-analysis/module.json', 'sha256:af47ede1ca02702dbd21fcb038c57027cd1da652480287badb5ce36b47984dfd', 0.74, '2026-05-22T00:00:00Z')
ON CONFLICT(id) DO UPDATE SET module_id = excluded.module_id, version = excluded.version, source_uri = excluded.source_uri, checksum = excluded.checksum, selection_base_score = excluded.selection_base_score, created_at = excluded.created_at;

INSERT INTO module_versions (id, module_id, version, source_uri, checksum, selection_base_score, created_at)
VALUES ('mv-git-read-0-1-0', 'mod-git-read', '0.1.0', 'repo://registry/modules/tools/git-read/module.json', 'sha256:f131c5efe6e62b7fc0f801cf078c51523f29f82b9ef1dc2d49de8602df7c7a9d', 0.0, '2026-05-22T00:00:00Z')
ON CONFLICT(id) DO UPDATE SET module_id = excluded.module_id, version = excluded.version, source_uri = excluded.source_uri, checksum = excluded.checksum, selection_base_score = excluded.selection_base_score, created_at = excluded.created_at;

INSERT INTO module_versions (id, module_id, version, source_uri, checksum, selection_base_score, created_at)
VALUES ('mv-inactive-demo-tenant-website-read-0-1-0', 'mod-inactive-demo-tenant-website-read', '0.1.0', 'generated://tenant-scope/inactive-demo-tenant-website-read', 'sha256:generated-inactive-demo-tenant-website-read', 0.5, '2026-05-22T00:00:00Z')
ON CONFLICT(id) DO UPDATE SET module_id = excluded.module_id, version = excluded.version, source_uri = excluded.source_uri, checksum = excluded.checksum, selection_base_score = excluded.selection_base_score, created_at = excluded.created_at;

INSERT INTO module_versions (id, module_id, version, source_uri, checksum, selection_base_score, created_at)
VALUES ('mv-knowledge-demo-tenant-docs-0-1-0', 'mod-knowledge-demo-tenant-docs', '0.1.0', 'generated://tenant-scope/knowledge-demo-tenant-docs', 'sha256:generated-knowledge-demo-tenant-docs', 0.5, '2026-05-22T00:00:00Z')
ON CONFLICT(id) DO UPDATE SET module_id = excluded.module_id, version = excluded.version, source_uri = excluded.source_uri, checksum = excluded.checksum, selection_base_score = excluded.selection_base_score, created_at = excluded.created_at;

INSERT INTO module_versions (id, module_id, version, source_uri, checksum, selection_base_score, created_at)
VALUES ('mv-knowledge-inactive-demo-tenant-docs-0-1-0', 'mod-knowledge-inactive-demo-tenant-docs', '0.1.0', 'generated://tenant-scope/knowledge-inactive-demo-tenant-docs', 'sha256:generated-knowledge-inactive-demo-tenant-docs', 0.5, '2026-05-22T00:00:00Z')
ON CONFLICT(id) DO UPDATE SET module_id = excluded.module_id, version = excluded.version, source_uri = excluded.source_uri, checksum = excluded.checksum, selection_base_score = excluded.selection_base_score, created_at = excluded.created_at;

INSERT INTO module_versions (id, module_id, version, source_uri, checksum, selection_base_score, created_at)
VALUES ('mv-knowledge-liquisto-docs-0-1-0', 'mod-knowledge-liquisto-docs', '0.1.0', 'generated://tenant-scope/knowledge-liquisto-docs', 'sha256:generated-knowledge-liquisto-docs', 0.5, '2026-05-22T00:00:00Z')
ON CONFLICT(id) DO UPDATE SET module_id = excluded.module_id, version = excluded.version, source_uri = excluded.source_uri, checksum = excluded.checksum, selection_base_score = excluded.selection_base_score, created_at = excluded.created_at;

INSERT INTO module_versions (id, module_id, version, source_uri, checksum, selection_base_score, created_at)
VALUES ('mv-liquisto-website-read-0-1-0', 'mod-liquisto-website-read', '0.1.0', 'generated://tenant-scope/liquisto-website-read', 'sha256:generated-liquisto-website-read', 0.5, '2026-05-22T00:00:00Z')
ON CONFLICT(id) DO UPDATE SET module_id = excluded.module_id, version = excluded.version, source_uri = excluded.source_uri, checksum = excluded.checksum, selection_base_score = excluded.selection_base_score, created_at = excluded.created_at;

INSERT INTO module_versions (id, module_id, version, source_uri, checksum, selection_base_score, created_at)
VALUES ('mv-no-destructive-commands-0-1-0', 'mod-no-destructive-commands', '0.1.0', 'repo://registry/modules/policies/no-destructive-commands/module.json', 'sha256:8040bb94939a26fe6c05a99aec7c01d6001d76804656f956d325641ca0f27f9b', 0.0, '2026-05-22T00:00:00Z')
ON CONFLICT(id) DO UPDATE SET module_id = excluded.module_id, version = excluded.version, source_uri = excluded.source_uri, checksum = excluded.checksum, selection_base_score = excluded.selection_base_score, created_at = excluded.created_at;

INSERT INTO module_versions (id, module_id, version, source_uri, checksum, selection_base_score, created_at)
VALUES ('mv-project-memory-0-1-0', 'mod-project-memory', '0.1.0', 'repo://registry/modules/memory-scopes/project-memory/module.json', 'sha256:5bc1208c812725569fb6aca2fc10a5ac3a0820a677879ccc93987ea672823530', 0.55, '2026-05-22T00:00:00Z')
ON CONFLICT(id) DO UPDATE SET module_id = excluded.module_id, version = excluded.version, source_uri = excluded.source_uri, checksum = excluded.checksum, selection_base_score = excluded.selection_base_score, created_at = excluded.created_at;

INSERT INTO module_versions (id, module_id, version, source_uri, checksum, selection_base_score, created_at)
VALUES ('mv-repository-readonly-0-1-0', 'mod-repository-readonly', '0.1.0', 'repo://registry/modules/data-scopes/repository-readonly/module.json', 'sha256:06dffa4d873bac234298f6446757c1e78f2604bbb642f013a16d9abf4aa39a5a', 0.0, '2026-05-22T00:00:00Z')
ON CONFLICT(id) DO UPDATE SET module_id = excluded.module_id, version = excluded.version, source_uri = excluded.source_uri, checksum = excluded.checksum, selection_base_score = excluded.selection_base_score, created_at = excluded.created_at;

INSERT INTO module_versions (id, module_id, version, source_uri, checksum, selection_base_score, created_at)
VALUES ('mv-require-file-references-0-1-0', 'mod-require-file-references', '0.1.0', 'repo://registry/modules/policies/require-file-references/module.json', 'sha256:2b32a8448e0dcd5b7dfe9e1729aaf6ffe2ea12703f33689835d0de9d5487bfe4', 0.0, '2026-05-22T00:00:00Z')
ON CONFLICT(id) DO UPDATE SET module_id = excluded.module_id, version = excluded.version, source_uri = excluded.source_uri, checksum = excluded.checksum, selection_base_score = excluded.selection_base_score, created_at = excluded.created_at;

INSERT INTO module_versions (id, module_id, version, source_uri, checksum, selection_base_score, created_at)
VALUES ('mv-research-context-synthesis-0-1-0', 'mod-research-context-synthesis', '0.1.0', 'repo://registry/modules/skills/research-context-synthesis/module.json', 'sha256:060696130b51386d877f2bbcc571c1d2071644823ae7d48b26753565e9bb1fbf', 0.68, '2026-05-22T00:00:00Z')
ON CONFLICT(id) DO UPDATE SET module_id = excluded.module_id, version = excluded.version, source_uri = excluded.source_uri, checksum = excluded.checksum, selection_base_score = excluded.selection_base_score, created_at = excluded.created_at;

INSERT INTO module_versions (id, module_id, version, source_uri, checksum, selection_base_score, created_at)
VALUES ('mv-research-output-contract-0-1-0', 'mod-research-output-contract', '0.1.0', 'repo://registry/modules/validators/research-output-contract/module.json', 'sha256:739149d990a9df9fdc767b2c3ca1e1dd0c6da7aeffcfe5a7c4fc347664179b95', 0.0, '2026-05-22T00:00:00Z')
ON CONFLICT(id) DO UPDATE SET module_id = excluded.module_id, version = excluded.version, source_uri = excluded.source_uri, checksum = excluded.checksum, selection_base_score = excluded.selection_base_score, created_at = excluded.created_at;

INSERT INTO module_versions (id, module_id, version, source_uri, checksum, selection_base_score, created_at)
VALUES ('mv-review-findings-contract-0-1-0', 'mod-review-findings-contract', '0.1.0', 'repo://registry/modules/validators/review-findings-contract/module.json', 'sha256:44a4bcf62d5fe0f8b5099afb852c1854fb2996f0a3f4ff7e4f832e1e7ff023d4', 0.0, '2026-05-22T00:00:00Z')
ON CONFLICT(id) DO UPDATE SET module_id = excluded.module_id, version = excluded.version, source_uri = excluded.source_uri, checksum = excluded.checksum, selection_base_score = excluded.selection_base_score, created_at = excluded.created_at;

INSERT INTO module_versions (id, module_id, version, source_uri, checksum, selection_base_score, created_at)
VALUES ('mv-task-execution-output-contract-0-1-0', 'mod-task-execution-output-contract', '0.1.0', 'repo://registry/modules/validators/task-execution-output-contract/module.json', 'sha256:f927be4e023f96b4447129ee0495195008e5563e32948ffe5ea23699c773575c', 0.0, '2026-05-22T00:00:00Z')
ON CONFLICT(id) DO UPDATE SET module_id = excluded.module_id, version = excluded.version, source_uri = excluded.source_uri, checksum = excluded.checksum, selection_base_score = excluded.selection_base_score, created_at = excluded.created_at;

INSERT INTO module_versions (id, module_id, version, source_uri, checksum, selection_base_score, created_at)
VALUES ('mv-task-execution-planning-0-1-0', 'mod-task-execution-planning', '0.1.0', 'repo://registry/modules/skills/task-execution-planning/module.json', 'sha256:013fab79be147ed9fad8af156529513da14e4f8caf95c817e0af26cb2bd8d7d2', 0.7, '2026-05-22T00:00:00Z')
ON CONFLICT(id) DO UPDATE SET module_id = excluded.module_id, version = excluded.version, source_uri = excluded.source_uri, checksum = excluded.checksum, selection_base_score = excluded.selection_base_score, created_at = excluded.created_at;

INSERT INTO module_versions (id, module_id, version, source_uri, checksum, selection_base_score, created_at)
VALUES ('mv-test-runner-0-1-0', 'mod-test-runner', '0.1.0', 'repo://registry/modules/tools/test-runner/module.json', 'sha256:733807d9f61e50aeea193958a50554fdb08fe39b7a7c68c8605461a5e016abd4', 0.0, '2026-05-22T00:00:00Z')
ON CONFLICT(id) DO UPDATE SET module_id = excluded.module_id, version = excluded.version, source_uri = excluded.source_uri, checksum = excluded.checksum, selection_base_score = excluded.selection_base_score, created_at = excluded.created_at;

INSERT INTO module_selection_metadata (id, module_version_id, description, capability_class, domain_tags_json, task_types_json, risk_levels_json, task_domains_json, required_inputs_json, phrases_json, negative_phrases_json, triggers_json, inputs_json, outputs_json, score_modifiers_json, requires_all_policies)
VALUES ('msm-architecture-docs-0-1-0', 'mv-architecture-docs-0-1-0', 'Governed knowledge_scope module for architecture-docs.', 'knowledge_access', '["software-engineering"]', '[]', '[]', '[]', '[]', '[]', '[]', '[]', '[]', '["architecture-docs-output"]', '[]', 0)
ON CONFLICT(id) DO UPDATE SET module_version_id = excluded.module_version_id, description = excluded.description, capability_class = excluded.capability_class, domain_tags_json = excluded.domain_tags_json, task_types_json = excluded.task_types_json, risk_levels_json = excluded.risk_levels_json, task_domains_json = excluded.task_domains_json, required_inputs_json = excluded.required_inputs_json, phrases_json = excluded.phrases_json, negative_phrases_json = excluded.negative_phrases_json, triggers_json = excluded.triggers_json, inputs_json = excluded.inputs_json, outputs_json = excluded.outputs_json, score_modifiers_json = excluded.score_modifiers_json, requires_all_policies = excluded.requires_all_policies;

INSERT INTO module_selection_metadata (id, module_version_id, description, capability_class, domain_tags_json, task_types_json, risk_levels_json, task_domains_json, required_inputs_json, phrases_json, negative_phrases_json, triggers_json, inputs_json, outputs_json, score_modifiers_json, requires_all_policies)
VALUES ('msm-coding-guidelines-0-1-0', 'mv-coding-guidelines-0-1-0', 'Governed knowledge_scope module for coding-guidelines.', 'knowledge_access', '["software-engineering"]', '[]', '[]', '[]', '[]', '[]', '[]', '[]', '[]', '["coding-guidelines-output"]', '[]', 0)
ON CONFLICT(id) DO UPDATE SET module_version_id = excluded.module_version_id, description = excluded.description, capability_class = excluded.capability_class, domain_tags_json = excluded.domain_tags_json, task_types_json = excluded.task_types_json, risk_levels_json = excluded.risk_levels_json, task_domains_json = excluded.task_domains_json, required_inputs_json = excluded.required_inputs_json, phrases_json = excluded.phrases_json, negative_phrases_json = excluded.negative_phrases_json, triggers_json = excluded.triggers_json, inputs_json = excluded.inputs_json, outputs_json = excluded.outputs_json, score_modifiers_json = excluded.score_modifiers_json, requires_all_policies = excluded.requires_all_policies;

INSERT INTO module_selection_metadata (id, module_version_id, description, capability_class, domain_tags_json, task_types_json, risk_levels_json, task_domains_json, required_inputs_json, phrases_json, negative_phrases_json, triggers_json, inputs_json, outputs_json, score_modifiers_json, requires_all_policies)
VALUES ('msm-demo-tenant-website-read-0-1-0', 'mv-demo-tenant-website-read-0-1-0', 'Generated tenant data_scope module for demo-tenant-website-read.', 'data_access', '["demo-tenant","research","task-execution","tenant"]', '["research","task-execution"]', '["high","low","medium"]', '["research","task-execution"]', '[]', '["demo-tenant","demo-tenant-website-read"]', '[]', '["demo-tenant-website-read"]', '[]', '["demo-tenant-website-read-output"]', '[]', 0)
ON CONFLICT(id) DO UPDATE SET module_version_id = excluded.module_version_id, description = excluded.description, capability_class = excluded.capability_class, domain_tags_json = excluded.domain_tags_json, task_types_json = excluded.task_types_json, risk_levels_json = excluded.risk_levels_json, task_domains_json = excluded.task_domains_json, required_inputs_json = excluded.required_inputs_json, phrases_json = excluded.phrases_json, negative_phrases_json = excluded.negative_phrases_json, triggers_json = excluded.triggers_json, inputs_json = excluded.inputs_json, outputs_json = excluded.outputs_json, score_modifiers_json = excluded.score_modifiers_json, requires_all_policies = excluded.requires_all_policies;

INSERT INTO module_selection_metadata (id, module_version_id, description, capability_class, domain_tags_json, task_types_json, risk_levels_json, task_domains_json, required_inputs_json, phrases_json, negative_phrases_json, triggers_json, inputs_json, outputs_json, score_modifiers_json, requires_all_policies)
VALUES ('msm-dependency-audit-0-1-0', 'mv-dependency-audit-0-1-0', 'Audit repository dependency manifests for license, risk, and change-impact signals.', 'analysis', '["dependencies","repository","security"]', '["task-execution"]', '["high","low","medium"]', '["repository","security","software-engineering"]', '["repository"]', '["dependency","dependency audit","license"]', '["delete production","destroy","reset production"]', '["dependency","dependency audit","license"]', '["repository"]', '["dependency-audit-summary"]', '[{"reason":"Task execution dependency work benefits from bounded audit planning.","signal":"task_type:task-execution","weight":0.14},{"reason":"Dependency-related language directly matches audit capability.","signal":"phrase:dependency","weight":0.1},{"reason":"Destructive requests must fail closed away from dependency analysis.","signal":"phrase:destroy","weight":-0.35}]', 1)
ON CONFLICT(id) DO UPDATE SET module_version_id = excluded.module_version_id, description = excluded.description, capability_class = excluded.capability_class, domain_tags_json = excluded.domain_tags_json, task_types_json = excluded.task_types_json, risk_levels_json = excluded.risk_levels_json, task_domains_json = excluded.task_domains_json, required_inputs_json = excluded.required_inputs_json, phrases_json = excluded.phrases_json, negative_phrases_json = excluded.negative_phrases_json, triggers_json = excluded.triggers_json, inputs_json = excluded.inputs_json, outputs_json = excluded.outputs_json, score_modifiers_json = excluded.score_modifiers_json, requires_all_policies = excluded.requires_all_policies;

INSERT INTO module_selection_metadata (id, module_version_id, description, capability_class, domain_tags_json, task_types_json, risk_levels_json, task_domains_json, required_inputs_json, phrases_json, negative_phrases_json, triggers_json, inputs_json, outputs_json, score_modifiers_json, requires_all_policies)
VALUES ('msm-document-synthesis-0-1-0', 'mv-document-synthesis-0-1-0', 'Synthesize durable technical documentation updates from profile-authorized context.', 'analysis', '["documentation","repository"]', '["general-task"]', '["low","medium"]', '["documentation","repository","software-engineering"]', '[]', '["document","summarize docs","synthesize"]', '["delete","deploy","destroy"]', '["document","summarize docs","synthesize"]', '["retrieval-context"]', '["documentation-summary"]', '[{"reason":"Documentation-focused tasks need synthesis from approved context.","signal":"domain:documentation","weight":0.16},{"reason":"Explicit synthesis language increases module relevance.","signal":"phrase:synthesize","weight":0.08},{"reason":"Deployment requests must not route through documentation synthesis.","signal":"phrase:deploy","weight":-0.3}]', 1)
ON CONFLICT(id) DO UPDATE SET module_version_id = excluded.module_version_id, description = excluded.description, capability_class = excluded.capability_class, domain_tags_json = excluded.domain_tags_json, task_types_json = excluded.task_types_json, risk_levels_json = excluded.risk_levels_json, task_domains_json = excluded.task_domains_json, required_inputs_json = excluded.required_inputs_json, phrases_json = excluded.phrases_json, negative_phrases_json = excluded.negative_phrases_json, triggers_json = excluded.triggers_json, inputs_json = excluded.inputs_json, outputs_json = excluded.outputs_json, score_modifiers_json = excluded.score_modifiers_json, requires_all_policies = excluded.requires_all_policies;

INSERT INTO module_selection_metadata (id, module_version_id, description, capability_class, domain_tags_json, task_types_json, risk_levels_json, task_domains_json, required_inputs_json, phrases_json, negative_phrases_json, triggers_json, inputs_json, outputs_json, score_modifiers_json, requires_all_policies)
VALUES ('msm-filesystem-list-0-1-0', 'mv-filesystem-list-0-1-0', 'Governed tool module for filesystem-list.', 'tool_access', '["software-engineering"]', '[]', '[]', '[]', '[]', '[]', '[]', '[]', '[]', '["filesystem-list-output"]', '[]', 0)
ON CONFLICT(id) DO UPDATE SET module_version_id = excluded.module_version_id, description = excluded.description, capability_class = excluded.capability_class, domain_tags_json = excluded.domain_tags_json, task_types_json = excluded.task_types_json, risk_levels_json = excluded.risk_levels_json, task_domains_json = excluded.task_domains_json, required_inputs_json = excluded.required_inputs_json, phrases_json = excluded.phrases_json, negative_phrases_json = excluded.negative_phrases_json, triggers_json = excluded.triggers_json, inputs_json = excluded.inputs_json, outputs_json = excluded.outputs_json, score_modifiers_json = excluded.score_modifiers_json, requires_all_policies = excluded.requires_all_policies;

INSERT INTO module_selection_metadata (id, module_version_id, description, capability_class, domain_tags_json, task_types_json, risk_levels_json, task_domains_json, required_inputs_json, phrases_json, negative_phrases_json, triggers_json, inputs_json, outputs_json, score_modifiers_json, requires_all_policies)
VALUES ('msm-filesystem-read-0-1-0', 'mv-filesystem-read-0-1-0', 'Governed tool module for filesystem-read.', 'tool_access', '["software-engineering"]', '[]', '[]', '[]', '[]', '[]', '[]', '[]', '[]', '["filesystem-read-output"]', '[]', 0)
ON CONFLICT(id) DO UPDATE SET module_version_id = excluded.module_version_id, description = excluded.description, capability_class = excluded.capability_class, domain_tags_json = excluded.domain_tags_json, task_types_json = excluded.task_types_json, risk_levels_json = excluded.risk_levels_json, task_domains_json = excluded.task_domains_json, required_inputs_json = excluded.required_inputs_json, phrases_json = excluded.phrases_json, negative_phrases_json = excluded.negative_phrases_json, triggers_json = excluded.triggers_json, inputs_json = excluded.inputs_json, outputs_json = excluded.outputs_json, score_modifiers_json = excluded.score_modifiers_json, requires_all_policies = excluded.requires_all_policies;

INSERT INTO module_selection_metadata (id, module_version_id, description, capability_class, domain_tags_json, task_types_json, risk_levels_json, task_domains_json, required_inputs_json, phrases_json, negative_phrases_json, triggers_json, inputs_json, outputs_json, score_modifiers_json, requires_all_policies)
VALUES ('msm-general-output-contract-0-1-0', 'mv-general-output-contract-0-1-0', 'Governed validator module for general-output-contract.', 'validation', '["general"]', '[]', '[]', '[]', '[]', '[]', '[]', '[]', '[]', '["general-output-contract-output"]', '[]', 0)
ON CONFLICT(id) DO UPDATE SET module_version_id = excluded.module_version_id, description = excluded.description, capability_class = excluded.capability_class, domain_tags_json = excluded.domain_tags_json, task_types_json = excluded.task_types_json, risk_levels_json = excluded.risk_levels_json, task_domains_json = excluded.task_domains_json, required_inputs_json = excluded.required_inputs_json, phrases_json = excluded.phrases_json, negative_phrases_json = excluded.negative_phrases_json, triggers_json = excluded.triggers_json, inputs_json = excluded.inputs_json, outputs_json = excluded.outputs_json, score_modifiers_json = excluded.score_modifiers_json, requires_all_policies = excluded.requires_all_policies;

INSERT INTO module_selection_metadata (id, module_version_id, description, capability_class, domain_tags_json, task_types_json, risk_levels_json, task_domains_json, required_inputs_json, phrases_json, negative_phrases_json, triggers_json, inputs_json, outputs_json, score_modifiers_json, requires_all_policies)
VALUES ('msm-general-task-summary-0-1-0', 'mv-general-task-summary-0-1-0', 'Produce a bounded generic runtime summary when no specialized task strategy is selected.', 'planning', '["general-task"]', '["general-task"]', '["high","low","medium"]', '["general-task"]', '[]', '["general","outline","prepare"]', '["delete","deploy","destroy"]', '["general","outline","prepare"]', '[]', '["general-task-summary"]', '[{"reason":"General tasks should receive a bounded generic summary strategy.","signal":"task_type:general-task","weight":0.22},{"reason":"Destructive requests should not be handled by a generic summary module.","signal":"phrase:delete","weight":-0.3}]', 1)
ON CONFLICT(id) DO UPDATE SET module_version_id = excluded.module_version_id, description = excluded.description, capability_class = excluded.capability_class, domain_tags_json = excluded.domain_tags_json, task_types_json = excluded.task_types_json, risk_levels_json = excluded.risk_levels_json, task_domains_json = excluded.task_domains_json, required_inputs_json = excluded.required_inputs_json, phrases_json = excluded.phrases_json, negative_phrases_json = excluded.negative_phrases_json, triggers_json = excluded.triggers_json, inputs_json = excluded.inputs_json, outputs_json = excluded.outputs_json, score_modifiers_json = excluded.score_modifiers_json, requires_all_policies = excluded.requires_all_policies;

INSERT INTO module_selection_metadata (id, module_version_id, description, capability_class, domain_tags_json, task_types_json, risk_levels_json, task_domains_json, required_inputs_json, phrases_json, negative_phrases_json, triggers_json, inputs_json, outputs_json, score_modifiers_json, requires_all_policies)
VALUES ('msm-git-diff-analysis-0-1-0', 'mv-git-diff-analysis-0-1-0', 'Analyze git diffs for behavioral changes, regressions, and review-relevant risks.', 'analysis', '["code-review","git","software-engineering"]', '["code-review"]', '["low","medium"]', '["git","software-engineering"]', '["diff","repository"]', '["commit","diff","pull request","review"]', '["apply changes","delete","deploy"]', '["commit","diff","pull request","review"]', '["diff","repository"]', '["findings","review-summary"]', '[{"reason":"Code review tasks require diff-oriented change analysis.","signal":"task_type:code-review","weight":0.18},{"reason":"The module is more reliable when a concrete diff is available.","signal":"input:diff","weight":0.08},{"reason":"Deployment requests should not select review-only analysis as an execution capability.","signal":"phrase:deploy","weight":-0.25}]', 1)
ON CONFLICT(id) DO UPDATE SET module_version_id = excluded.module_version_id, description = excluded.description, capability_class = excluded.capability_class, domain_tags_json = excluded.domain_tags_json, task_types_json = excluded.task_types_json, risk_levels_json = excluded.risk_levels_json, task_domains_json = excluded.task_domains_json, required_inputs_json = excluded.required_inputs_json, phrases_json = excluded.phrases_json, negative_phrases_json = excluded.negative_phrases_json, triggers_json = excluded.triggers_json, inputs_json = excluded.inputs_json, outputs_json = excluded.outputs_json, score_modifiers_json = excluded.score_modifiers_json, requires_all_policies = excluded.requires_all_policies;

INSERT INTO module_selection_metadata (id, module_version_id, description, capability_class, domain_tags_json, task_types_json, risk_levels_json, task_domains_json, required_inputs_json, phrases_json, negative_phrases_json, triggers_json, inputs_json, outputs_json, score_modifiers_json, requires_all_policies)
VALUES ('msm-git-read-0-1-0', 'mv-git-read-0-1-0', 'Governed tool module for git-read.', 'tool_access', '["git","software-engineering"]', '[]', '[]', '[]', '[]', '[]', '[]', '[]', '[]', '["git-read-output"]', '[]', 0)
ON CONFLICT(id) DO UPDATE SET module_version_id = excluded.module_version_id, description = excluded.description, capability_class = excluded.capability_class, domain_tags_json = excluded.domain_tags_json, task_types_json = excluded.task_types_json, risk_levels_json = excluded.risk_levels_json, task_domains_json = excluded.task_domains_json, required_inputs_json = excluded.required_inputs_json, phrases_json = excluded.phrases_json, negative_phrases_json = excluded.negative_phrases_json, triggers_json = excluded.triggers_json, inputs_json = excluded.inputs_json, outputs_json = excluded.outputs_json, score_modifiers_json = excluded.score_modifiers_json, requires_all_policies = excluded.requires_all_policies;

INSERT INTO module_selection_metadata (id, module_version_id, description, capability_class, domain_tags_json, task_types_json, risk_levels_json, task_domains_json, required_inputs_json, phrases_json, negative_phrases_json, triggers_json, inputs_json, outputs_json, score_modifiers_json, requires_all_policies)
VALUES ('msm-inactive-demo-tenant-website-read-0-1-0', 'mv-inactive-demo-tenant-website-read-0-1-0', 'Generated tenant data_scope module for inactive-demo-tenant-website-read.', 'data_access', '["inactive-demo-tenant","research","task-execution","tenant"]', '["research","task-execution"]', '["high","low","medium"]', '["research","task-execution"]', '[]', '["inactive-demo-tenant","inactive-demo-tenant-website-read"]', '[]', '["inactive-demo-tenant-website-read"]', '[]', '["inactive-demo-tenant-website-read-output"]', '[]', 0)
ON CONFLICT(id) DO UPDATE SET module_version_id = excluded.module_version_id, description = excluded.description, capability_class = excluded.capability_class, domain_tags_json = excluded.domain_tags_json, task_types_json = excluded.task_types_json, risk_levels_json = excluded.risk_levels_json, task_domains_json = excluded.task_domains_json, required_inputs_json = excluded.required_inputs_json, phrases_json = excluded.phrases_json, negative_phrases_json = excluded.negative_phrases_json, triggers_json = excluded.triggers_json, inputs_json = excluded.inputs_json, outputs_json = excluded.outputs_json, score_modifiers_json = excluded.score_modifiers_json, requires_all_policies = excluded.requires_all_policies;

INSERT INTO module_selection_metadata (id, module_version_id, description, capability_class, domain_tags_json, task_types_json, risk_levels_json, task_domains_json, required_inputs_json, phrases_json, negative_phrases_json, triggers_json, inputs_json, outputs_json, score_modifiers_json, requires_all_policies)
VALUES ('msm-knowledge-demo-tenant-docs-0-1-0', 'mv-knowledge-demo-tenant-docs-0-1-0', 'Generated tenant knowledge_scope module for knowledge-demo-tenant-docs.', 'knowledge_access', '["demo-tenant","knowledge-retrieval","research","tenant"]', '["research"]', '["high","low","medium"]', '["knowledge-retrieval","research"]', '[]', '["demo-tenant","knowledge-demo-tenant-docs"]', '[]', '["knowledge-demo-tenant-docs"]', '[]', '["knowledge-demo-tenant-docs-output"]', '[]', 0)
ON CONFLICT(id) DO UPDATE SET module_version_id = excluded.module_version_id, description = excluded.description, capability_class = excluded.capability_class, domain_tags_json = excluded.domain_tags_json, task_types_json = excluded.task_types_json, risk_levels_json = excluded.risk_levels_json, task_domains_json = excluded.task_domains_json, required_inputs_json = excluded.required_inputs_json, phrases_json = excluded.phrases_json, negative_phrases_json = excluded.negative_phrases_json, triggers_json = excluded.triggers_json, inputs_json = excluded.inputs_json, outputs_json = excluded.outputs_json, score_modifiers_json = excluded.score_modifiers_json, requires_all_policies = excluded.requires_all_policies;

INSERT INTO module_selection_metadata (id, module_version_id, description, capability_class, domain_tags_json, task_types_json, risk_levels_json, task_domains_json, required_inputs_json, phrases_json, negative_phrases_json, triggers_json, inputs_json, outputs_json, score_modifiers_json, requires_all_policies)
VALUES ('msm-knowledge-inactive-demo-tenant-docs-0-1-0', 'mv-knowledge-inactive-demo-tenant-docs-0-1-0', 'Generated tenant knowledge_scope module for knowledge-inactive-demo-tenant-docs.', 'knowledge_access', '["inactive-demo-tenant","knowledge-retrieval","research","tenant"]', '["research"]', '["high","low","medium"]', '["knowledge-retrieval","research"]', '[]', '["inactive-demo-tenant","knowledge-inactive-demo-tenant-docs"]', '[]', '["knowledge-inactive-demo-tenant-docs"]', '[]', '["knowledge-inactive-demo-tenant-docs-output"]', '[]', 0)
ON CONFLICT(id) DO UPDATE SET module_version_id = excluded.module_version_id, description = excluded.description, capability_class = excluded.capability_class, domain_tags_json = excluded.domain_tags_json, task_types_json = excluded.task_types_json, risk_levels_json = excluded.risk_levels_json, task_domains_json = excluded.task_domains_json, required_inputs_json = excluded.required_inputs_json, phrases_json = excluded.phrases_json, negative_phrases_json = excluded.negative_phrases_json, triggers_json = excluded.triggers_json, inputs_json = excluded.inputs_json, outputs_json = excluded.outputs_json, score_modifiers_json = excluded.score_modifiers_json, requires_all_policies = excluded.requires_all_policies;

INSERT INTO module_selection_metadata (id, module_version_id, description, capability_class, domain_tags_json, task_types_json, risk_levels_json, task_domains_json, required_inputs_json, phrases_json, negative_phrases_json, triggers_json, inputs_json, outputs_json, score_modifiers_json, requires_all_policies)
VALUES ('msm-knowledge-liquisto-docs-0-1-0', 'mv-knowledge-liquisto-docs-0-1-0', 'Generated tenant knowledge_scope module for knowledge-liquisto-docs.', 'knowledge_access', '["knowledge-retrieval","liquisto","research","tenant"]', '["research"]', '["high","low","medium"]', '["knowledge-retrieval","research"]', '[]', '["knowledge-liquisto-docs","liquisto"]', '[]', '["knowledge-liquisto-docs"]', '[]', '["knowledge-liquisto-docs-output"]', '[]', 0)
ON CONFLICT(id) DO UPDATE SET module_version_id = excluded.module_version_id, description = excluded.description, capability_class = excluded.capability_class, domain_tags_json = excluded.domain_tags_json, task_types_json = excluded.task_types_json, risk_levels_json = excluded.risk_levels_json, task_domains_json = excluded.task_domains_json, required_inputs_json = excluded.required_inputs_json, phrases_json = excluded.phrases_json, negative_phrases_json = excluded.negative_phrases_json, triggers_json = excluded.triggers_json, inputs_json = excluded.inputs_json, outputs_json = excluded.outputs_json, score_modifiers_json = excluded.score_modifiers_json, requires_all_policies = excluded.requires_all_policies;

INSERT INTO module_selection_metadata (id, module_version_id, description, capability_class, domain_tags_json, task_types_json, risk_levels_json, task_domains_json, required_inputs_json, phrases_json, negative_phrases_json, triggers_json, inputs_json, outputs_json, score_modifiers_json, requires_all_policies)
VALUES ('msm-liquisto-website-read-0-1-0', 'mv-liquisto-website-read-0-1-0', 'Generated tenant data_scope module for liquisto-website-read.', 'data_access', '["liquisto","research","task-execution","tenant"]', '["research","task-execution"]', '["high","low","medium"]', '["research","task-execution"]', '[]', '["liquisto","liquisto-website-read"]', '[]', '["liquisto-website-read"]', '[]', '["liquisto-website-read-output"]', '[]', 0)
ON CONFLICT(id) DO UPDATE SET module_version_id = excluded.module_version_id, description = excluded.description, capability_class = excluded.capability_class, domain_tags_json = excluded.domain_tags_json, task_types_json = excluded.task_types_json, risk_levels_json = excluded.risk_levels_json, task_domains_json = excluded.task_domains_json, required_inputs_json = excluded.required_inputs_json, phrases_json = excluded.phrases_json, negative_phrases_json = excluded.negative_phrases_json, triggers_json = excluded.triggers_json, inputs_json = excluded.inputs_json, outputs_json = excluded.outputs_json, score_modifiers_json = excluded.score_modifiers_json, requires_all_policies = excluded.requires_all_policies;

INSERT INTO module_selection_metadata (id, module_version_id, description, capability_class, domain_tags_json, task_types_json, risk_levels_json, task_domains_json, required_inputs_json, phrases_json, negative_phrases_json, triggers_json, inputs_json, outputs_json, score_modifiers_json, requires_all_policies)
VALUES ('msm-no-destructive-commands-0-1-0', 'mv-no-destructive-commands-0-1-0', 'Governed policy module for no-destructive-commands.', 'policy', '["software-engineering"]', '[]', '[]', '[]', '[]', '[]', '[]', '[]', '[]', '["no-destructive-commands-output"]', '[]', 0)
ON CONFLICT(id) DO UPDATE SET module_version_id = excluded.module_version_id, description = excluded.description, capability_class = excluded.capability_class, domain_tags_json = excluded.domain_tags_json, task_types_json = excluded.task_types_json, risk_levels_json = excluded.risk_levels_json, task_domains_json = excluded.task_domains_json, required_inputs_json = excluded.required_inputs_json, phrases_json = excluded.phrases_json, negative_phrases_json = excluded.negative_phrases_json, triggers_json = excluded.triggers_json, inputs_json = excluded.inputs_json, outputs_json = excluded.outputs_json, score_modifiers_json = excluded.score_modifiers_json, requires_all_policies = excluded.requires_all_policies;

INSERT INTO module_selection_metadata (id, module_version_id, description, capability_class, domain_tags_json, task_types_json, risk_levels_json, task_domains_json, required_inputs_json, phrases_json, negative_phrases_json, triggers_json, inputs_json, outputs_json, score_modifiers_json, requires_all_policies)
VALUES ('msm-project-memory-0-1-0', 'mv-project-memory-0-1-0', 'Allow access to validated, project-scoped procedural Agent Memory records that have passed runtime memory candidate validation and policy gates. This scope contains reusable process lessons only, not task-subject facts or source data.', 'memory_access', '["procedural-memory","project-memory","runtime","software-engineering"]', '["code-review","research","task-execution"]', '["low","medium"]', '["runtime","software-engineering"]', '[]', '["previous workflow decision","procedural lesson","project memory","runtime reconstruction"]', '["credentials","customer record","durable fact","factual knowledge","raw trace","remember this customer","secret","source extract","task-subject fact"]', '["previous workflow decision","procedural lesson","project memory"]', '[]', '["procedural-memory-records"]', '[{"reason":"Project memory is relevant when the task asks for prior procedural project lessons.","signal":"phrase:project memory","weight":0.2},{"reason":"Task-subject facts must use scoped Knowledge Records, not procedural Agent Memory.","signal":"phrase:task-subject fact","weight":-0.55},{"reason":"Customer-specific factual content is not eligible for procedural Agent Memory.","signal":"phrase:customer record","weight":-0.55},{"reason":"Secret-bearing content must not be loaded through project memory without a stronger policy gate.","signal":"phrase:secret","weight":-0.5}]', 1)
ON CONFLICT(id) DO UPDATE SET module_version_id = excluded.module_version_id, description = excluded.description, capability_class = excluded.capability_class, domain_tags_json = excluded.domain_tags_json, task_types_json = excluded.task_types_json, risk_levels_json = excluded.risk_levels_json, task_domains_json = excluded.task_domains_json, required_inputs_json = excluded.required_inputs_json, phrases_json = excluded.phrases_json, negative_phrases_json = excluded.negative_phrases_json, triggers_json = excluded.triggers_json, inputs_json = excluded.inputs_json, outputs_json = excluded.outputs_json, score_modifiers_json = excluded.score_modifiers_json, requires_all_policies = excluded.requires_all_policies;

INSERT INTO module_selection_metadata (id, module_version_id, description, capability_class, domain_tags_json, task_types_json, risk_levels_json, task_domains_json, required_inputs_json, phrases_json, negative_phrases_json, triggers_json, inputs_json, outputs_json, score_modifiers_json, requires_all_policies)
VALUES ('msm-repository-readonly-0-1-0', 'mv-repository-readonly-0-1-0', 'Governed data_scope module for repository-readonly.', 'data_access', '["software-engineering"]', '[]', '[]', '[]', '[]', '[]', '[]', '[]', '[]', '["repository-readonly-output"]', '[]', 0)
ON CONFLICT(id) DO UPDATE SET module_version_id = excluded.module_version_id, description = excluded.description, capability_class = excluded.capability_class, domain_tags_json = excluded.domain_tags_json, task_types_json = excluded.task_types_json, risk_levels_json = excluded.risk_levels_json, task_domains_json = excluded.task_domains_json, required_inputs_json = excluded.required_inputs_json, phrases_json = excluded.phrases_json, negative_phrases_json = excluded.negative_phrases_json, triggers_json = excluded.triggers_json, inputs_json = excluded.inputs_json, outputs_json = excluded.outputs_json, score_modifiers_json = excluded.score_modifiers_json, requires_all_policies = excluded.requires_all_policies;

INSERT INTO module_selection_metadata (id, module_version_id, description, capability_class, domain_tags_json, task_types_json, risk_levels_json, task_domains_json, required_inputs_json, phrases_json, negative_phrases_json, triggers_json, inputs_json, outputs_json, score_modifiers_json, requires_all_policies)
VALUES ('msm-require-file-references-0-1-0', 'mv-require-file-references-0-1-0', 'Governed policy module for require-file-references.', 'policy', '["software-engineering"]', '[]', '[]', '[]', '[]', '[]', '[]', '[]', '[]', '["require-file-references-output"]', '[]', 0)
ON CONFLICT(id) DO UPDATE SET module_version_id = excluded.module_version_id, description = excluded.description, capability_class = excluded.capability_class, domain_tags_json = excluded.domain_tags_json, task_types_json = excluded.task_types_json, risk_levels_json = excluded.risk_levels_json, task_domains_json = excluded.task_domains_json, required_inputs_json = excluded.required_inputs_json, phrases_json = excluded.phrases_json, negative_phrases_json = excluded.negative_phrases_json, triggers_json = excluded.triggers_json, inputs_json = excluded.inputs_json, outputs_json = excluded.outputs_json, score_modifiers_json = excluded.score_modifiers_json, requires_all_policies = excluded.requires_all_policies;

INSERT INTO module_selection_metadata (id, module_version_id, description, capability_class, domain_tags_json, task_types_json, risk_levels_json, task_domains_json, required_inputs_json, phrases_json, negative_phrases_json, triggers_json, inputs_json, outputs_json, score_modifiers_json, requires_all_policies)
VALUES ('msm-research-context-synthesis-0-1-0', 'mv-research-context-synthesis-0-1-0', 'Synthesize profile-authorized knowledge and memory context into a bounded research output.', 'retrieval', '["knowledge-retrieval","research"]', '["research"]', '["low","medium"]', '["knowledge-retrieval","research"]', '[]', '["compare","error","exception","how do i","investigate","research","stack overflow","summarize","what causes","why does"]', '["apply changes","delete","deploy"]', '["compare","error","exception","how do i","investigate","research","stack overflow","summarize","what causes","why does"]', '["retrieval-context"]', '["research-summary"]', '[{"reason":"Research tasks require context synthesis rather than repository mutation.","signal":"task_type:research","weight":0.18},{"reason":"The module fits analyzer requests for retrieval capabilities.","signal":"capability_class:retrieval","weight":0.07},{"reason":"Deployment requests should not select a research-only module as an execution capability.","signal":"phrase:deploy","weight":-0.3},{"reason":"Technical community troubleshooting questions should favor bounded research synthesis.","signal":"phrase:stack overflow","weight":0.04},{"reason":"Error explanation requests are research signals unless paired with an explicit write task.","signal":"phrase:error","weight":0.03},{"reason":"How-to troubleshooting phrasing is an information request, not automatic execution intent.","signal":"phrase:how do i","weight":0.03}]', 1)
ON CONFLICT(id) DO UPDATE SET module_version_id = excluded.module_version_id, description = excluded.description, capability_class = excluded.capability_class, domain_tags_json = excluded.domain_tags_json, task_types_json = excluded.task_types_json, risk_levels_json = excluded.risk_levels_json, task_domains_json = excluded.task_domains_json, required_inputs_json = excluded.required_inputs_json, phrases_json = excluded.phrases_json, negative_phrases_json = excluded.negative_phrases_json, triggers_json = excluded.triggers_json, inputs_json = excluded.inputs_json, outputs_json = excluded.outputs_json, score_modifiers_json = excluded.score_modifiers_json, requires_all_policies = excluded.requires_all_policies;

INSERT INTO module_selection_metadata (id, module_version_id, description, capability_class, domain_tags_json, task_types_json, risk_levels_json, task_domains_json, required_inputs_json, phrases_json, negative_phrases_json, triggers_json, inputs_json, outputs_json, score_modifiers_json, requires_all_policies)
VALUES ('msm-research-output-contract-0-1-0', 'mv-research-output-contract-0-1-0', 'Governed validator module for research-output-contract.', 'validation', '["research"]', '[]', '[]', '[]', '[]', '[]', '[]', '[]', '[]', '["research-output-contract-output"]', '[]', 0)
ON CONFLICT(id) DO UPDATE SET module_version_id = excluded.module_version_id, description = excluded.description, capability_class = excluded.capability_class, domain_tags_json = excluded.domain_tags_json, task_types_json = excluded.task_types_json, risk_levels_json = excluded.risk_levels_json, task_domains_json = excluded.task_domains_json, required_inputs_json = excluded.required_inputs_json, phrases_json = excluded.phrases_json, negative_phrases_json = excluded.negative_phrases_json, triggers_json = excluded.triggers_json, inputs_json = excluded.inputs_json, outputs_json = excluded.outputs_json, score_modifiers_json = excluded.score_modifiers_json, requires_all_policies = excluded.requires_all_policies;

INSERT INTO module_selection_metadata (id, module_version_id, description, capability_class, domain_tags_json, task_types_json, risk_levels_json, task_domains_json, required_inputs_json, phrases_json, negative_phrases_json, triggers_json, inputs_json, outputs_json, score_modifiers_json, requires_all_policies)
VALUES ('msm-review-findings-contract-0-1-0', 'mv-review-findings-contract-0-1-0', 'Governed validator module for review-findings-contract.', 'validation', '["software-engineering"]', '[]', '[]', '[]', '[]', '[]', '[]', '[]', '[]', '["review-findings-contract-output"]', '[]', 0)
ON CONFLICT(id) DO UPDATE SET module_version_id = excluded.module_version_id, description = excluded.description, capability_class = excluded.capability_class, domain_tags_json = excluded.domain_tags_json, task_types_json = excluded.task_types_json, risk_levels_json = excluded.risk_levels_json, task_domains_json = excluded.task_domains_json, required_inputs_json = excluded.required_inputs_json, phrases_json = excluded.phrases_json, negative_phrases_json = excluded.negative_phrases_json, triggers_json = excluded.triggers_json, inputs_json = excluded.inputs_json, outputs_json = excluded.outputs_json, score_modifiers_json = excluded.score_modifiers_json, requires_all_policies = excluded.requires_all_policies;

INSERT INTO module_selection_metadata (id, module_version_id, description, capability_class, domain_tags_json, task_types_json, risk_levels_json, task_domains_json, required_inputs_json, phrases_json, negative_phrases_json, triggers_json, inputs_json, outputs_json, score_modifiers_json, requires_all_policies)
VALUES ('msm-task-execution-output-contract-0-1-0', 'mv-task-execution-output-contract-0-1-0', 'Governed validator module for task-execution-output-contract.', 'validation', '["software-engineering"]', '[]', '[]', '[]', '[]', '[]', '[]', '[]', '[]', '["task-execution-output-contract-output"]', '[]', 0)
ON CONFLICT(id) DO UPDATE SET module_version_id = excluded.module_version_id, description = excluded.description, capability_class = excluded.capability_class, domain_tags_json = excluded.domain_tags_json, task_types_json = excluded.task_types_json, risk_levels_json = excluded.risk_levels_json, task_domains_json = excluded.task_domains_json, required_inputs_json = excluded.required_inputs_json, phrases_json = excluded.phrases_json, negative_phrases_json = excluded.negative_phrases_json, triggers_json = excluded.triggers_json, inputs_json = excluded.inputs_json, outputs_json = excluded.outputs_json, score_modifiers_json = excluded.score_modifiers_json, requires_all_policies = excluded.requires_all_policies;

INSERT INTO module_selection_metadata (id, module_version_id, description, capability_class, domain_tags_json, task_types_json, risk_levels_json, task_domains_json, required_inputs_json, phrases_json, negative_phrases_json, triggers_json, inputs_json, outputs_json, score_modifiers_json, requires_all_policies)
VALUES ('msm-task-execution-planning-0-1-0', 'mv-task-execution-planning-0-1-0', 'Plan and summarize conservative repository task execution using read-only inspection tools.', 'planning', '["repository","software-engineering","task-execution"]', '["task-execution"]', '["high","low","medium"]', '["repository","software-engineering","task-execution"]', '["repository"]', '["fix","implement","migrate","refactor","update"]', '["delete production","destroy","explain","how do i","reset production","stack overflow","what causes","why does"]', '["fix","implement","migrate","refactor","update"]', '["repository"]', '["execution-plan","execution-summary"]', '[{"reason":"Task execution requests need bounded planning and read-only repository inspection.","signal":"task_type:task-execution","weight":0.18},{"reason":"Repository task execution is more reliable when repository context is available.","signal":"input:repository","weight":0.08},{"reason":"Destructive requests must not select the conservative execution module.","signal":"phrase:destroy","weight":-0.4},{"reason":"How-to troubleshooting phrasing needs research unless explicit repository mutation remains after analysis.","signal":"phrase:how do i","weight":-0.16},{"reason":"Causal troubleshooting questions should not overgrant execution planning.","signal":"phrase:why does","weight":-0.16},{"reason":"Stack Overflow-like questions are usually explanatory research tasks, not repository execution.","signal":"phrase:stack overflow","weight":-0.12}]', 1)
ON CONFLICT(id) DO UPDATE SET module_version_id = excluded.module_version_id, description = excluded.description, capability_class = excluded.capability_class, domain_tags_json = excluded.domain_tags_json, task_types_json = excluded.task_types_json, risk_levels_json = excluded.risk_levels_json, task_domains_json = excluded.task_domains_json, required_inputs_json = excluded.required_inputs_json, phrases_json = excluded.phrases_json, negative_phrases_json = excluded.negative_phrases_json, triggers_json = excluded.triggers_json, inputs_json = excluded.inputs_json, outputs_json = excluded.outputs_json, score_modifiers_json = excluded.score_modifiers_json, requires_all_policies = excluded.requires_all_policies;

INSERT INTO module_selection_metadata (id, module_version_id, description, capability_class, domain_tags_json, task_types_json, risk_levels_json, task_domains_json, required_inputs_json, phrases_json, negative_phrases_json, triggers_json, inputs_json, outputs_json, score_modifiers_json, requires_all_policies)
VALUES ('msm-test-runner-0-1-0', 'mv-test-runner-0-1-0', 'Governed tool module for test-runner.', 'tool_access', '["software-engineering"]', '[]', '[]', '[]', '[]', '[]', '[]', '[]', '[]', '["test-runner-output"]', '[]', 0)
ON CONFLICT(id) DO UPDATE SET module_version_id = excluded.module_version_id, description = excluded.description, capability_class = excluded.capability_class, domain_tags_json = excluded.domain_tags_json, task_types_json = excluded.task_types_json, risk_levels_json = excluded.risk_levels_json, task_domains_json = excluded.task_domains_json, required_inputs_json = excluded.required_inputs_json, phrases_json = excluded.phrases_json, negative_phrases_json = excluded.negative_phrases_json, triggers_json = excluded.triggers_json, inputs_json = excluded.inputs_json, outputs_json = excluded.outputs_json, score_modifiers_json = excluded.score_modifiers_json, requires_all_policies = excluded.requires_all_policies;

INSERT INTO module_dependencies (id, module_version_id, dependency_kind, dependency_id, is_required)
VALUES ('dep-dependency-audit-data-scopes-repository-readonly', 'mv-dependency-audit-0-1-0', 'data_scope', 'mod-repository-readonly', 1)
ON CONFLICT(id) DO UPDATE SET module_version_id = excluded.module_version_id, dependency_kind = excluded.dependency_kind, dependency_id = excluded.dependency_id, is_required = excluded.is_required;

INSERT INTO module_dependencies (id, module_version_id, dependency_kind, dependency_id, is_required)
VALUES ('dep-dependency-audit-knowledge-scopes-coding-guidelines', 'mv-dependency-audit-0-1-0', 'knowledge_scope', 'mod-coding-guidelines', 1)
ON CONFLICT(id) DO UPDATE SET module_version_id = excluded.module_version_id, dependency_kind = excluded.dependency_kind, dependency_id = excluded.dependency_id, is_required = excluded.is_required;

INSERT INTO module_dependencies (id, module_version_id, dependency_kind, dependency_id, is_required)
VALUES ('dep-dependency-audit-optional-tools-git-read', 'mv-dependency-audit-0-1-0', 'tool', 'mod-git-read', 0)
ON CONFLICT(id) DO UPDATE SET module_version_id = excluded.module_version_id, dependency_kind = excluded.dependency_kind, dependency_id = excluded.dependency_id, is_required = excluded.is_required;

INSERT INTO module_dependencies (id, module_version_id, dependency_kind, dependency_id, is_required)
VALUES ('dep-dependency-audit-optional-tools-test-runner', 'mv-dependency-audit-0-1-0', 'tool', 'mod-test-runner', 0)
ON CONFLICT(id) DO UPDATE SET module_version_id = excluded.module_version_id, dependency_kind = excluded.dependency_kind, dependency_id = excluded.dependency_id, is_required = excluded.is_required;

INSERT INTO module_dependencies (id, module_version_id, dependency_kind, dependency_id, is_required)
VALUES ('dep-dependency-audit-policies-no-destructive-commands', 'mv-dependency-audit-0-1-0', 'policy', 'mod-no-destructive-commands', 1)
ON CONFLICT(id) DO UPDATE SET module_version_id = excluded.module_version_id, dependency_kind = excluded.dependency_kind, dependency_id = excluded.dependency_id, is_required = excluded.is_required;

INSERT INTO module_dependencies (id, module_version_id, dependency_kind, dependency_id, is_required)
VALUES ('dep-dependency-audit-required-tools-filesystem-list', 'mv-dependency-audit-0-1-0', 'tool', 'mod-filesystem-list', 1)
ON CONFLICT(id) DO UPDATE SET module_version_id = excluded.module_version_id, dependency_kind = excluded.dependency_kind, dependency_id = excluded.dependency_id, is_required = excluded.is_required;

INSERT INTO module_dependencies (id, module_version_id, dependency_kind, dependency_id, is_required)
VALUES ('dep-dependency-audit-required-tools-filesystem-read', 'mv-dependency-audit-0-1-0', 'tool', 'mod-filesystem-read', 1)
ON CONFLICT(id) DO UPDATE SET module_version_id = excluded.module_version_id, dependency_kind = excluded.dependency_kind, dependency_id = excluded.dependency_id, is_required = excluded.is_required;

INSERT INTO module_dependencies (id, module_version_id, dependency_kind, dependency_id, is_required)
VALUES ('dep-dependency-audit-validators-task-execution-output-contract', 'mv-dependency-audit-0-1-0', 'validator', 'mod-task-execution-output-contract', 1)
ON CONFLICT(id) DO UPDATE SET module_version_id = excluded.module_version_id, dependency_kind = excluded.dependency_kind, dependency_id = excluded.dependency_id, is_required = excluded.is_required;

INSERT INTO module_dependencies (id, module_version_id, dependency_kind, dependency_id, is_required)
VALUES ('dep-document-synthesis-data-scopes-repository-readonly', 'mv-document-synthesis-0-1-0', 'data_scope', 'mod-repository-readonly', 1)
ON CONFLICT(id) DO UPDATE SET module_version_id = excluded.module_version_id, dependency_kind = excluded.dependency_kind, dependency_id = excluded.dependency_id, is_required = excluded.is_required;

INSERT INTO module_dependencies (id, module_version_id, dependency_kind, dependency_id, is_required)
VALUES ('dep-document-synthesis-knowledge-scopes-architecture-docs', 'mv-document-synthesis-0-1-0', 'knowledge_scope', 'mod-architecture-docs', 1)
ON CONFLICT(id) DO UPDATE SET module_version_id = excluded.module_version_id, dependency_kind = excluded.dependency_kind, dependency_id = excluded.dependency_id, is_required = excluded.is_required;

INSERT INTO module_dependencies (id, module_version_id, dependency_kind, dependency_id, is_required)
VALUES ('dep-document-synthesis-knowledge-scopes-coding-guidelines', 'mv-document-synthesis-0-1-0', 'knowledge_scope', 'mod-coding-guidelines', 1)
ON CONFLICT(id) DO UPDATE SET module_version_id = excluded.module_version_id, dependency_kind = excluded.dependency_kind, dependency_id = excluded.dependency_id, is_required = excluded.is_required;

INSERT INTO module_dependencies (id, module_version_id, dependency_kind, dependency_id, is_required)
VALUES ('dep-document-synthesis-policies-no-destructive-commands', 'mv-document-synthesis-0-1-0', 'policy', 'mod-no-destructive-commands', 1)
ON CONFLICT(id) DO UPDATE SET module_version_id = excluded.module_version_id, dependency_kind = excluded.dependency_kind, dependency_id = excluded.dependency_id, is_required = excluded.is_required;

INSERT INTO module_dependencies (id, module_version_id, dependency_kind, dependency_id, is_required)
VALUES ('dep-document-synthesis-validators-general-output-contract', 'mv-document-synthesis-0-1-0', 'validator', 'mod-general-output-contract', 1)
ON CONFLICT(id) DO UPDATE SET module_version_id = excluded.module_version_id, dependency_kind = excluded.dependency_kind, dependency_id = excluded.dependency_id, is_required = excluded.is_required;

INSERT INTO module_dependencies (id, module_version_id, dependency_kind, dependency_id, is_required)
VALUES ('dep-general-task-summary-policies-no-destructive-commands', 'mv-general-task-summary-0-1-0', 'policy', 'mod-no-destructive-commands', 1)
ON CONFLICT(id) DO UPDATE SET module_version_id = excluded.module_version_id, dependency_kind = excluded.dependency_kind, dependency_id = excluded.dependency_id, is_required = excluded.is_required;

INSERT INTO module_dependencies (id, module_version_id, dependency_kind, dependency_id, is_required)
VALUES ('dep-general-task-summary-validators-general-output-contract', 'mv-general-task-summary-0-1-0', 'validator', 'mod-general-output-contract', 1)
ON CONFLICT(id) DO UPDATE SET module_version_id = excluded.module_version_id, dependency_kind = excluded.dependency_kind, dependency_id = excluded.dependency_id, is_required = excluded.is_required;

INSERT INTO module_dependencies (id, module_version_id, dependency_kind, dependency_id, is_required)
VALUES ('dep-git-diff-analysis-data-scopes-repository-readonly', 'mv-git-diff-analysis-0-1-0', 'data_scope', 'mod-repository-readonly', 1)
ON CONFLICT(id) DO UPDATE SET module_version_id = excluded.module_version_id, dependency_kind = excluded.dependency_kind, dependency_id = excluded.dependency_id, is_required = excluded.is_required;

INSERT INTO module_dependencies (id, module_version_id, dependency_kind, dependency_id, is_required)
VALUES ('dep-git-diff-analysis-knowledge-scopes-architecture-docs', 'mv-git-diff-analysis-0-1-0', 'knowledge_scope', 'mod-architecture-docs', 1)
ON CONFLICT(id) DO UPDATE SET module_version_id = excluded.module_version_id, dependency_kind = excluded.dependency_kind, dependency_id = excluded.dependency_id, is_required = excluded.is_required;

INSERT INTO module_dependencies (id, module_version_id, dependency_kind, dependency_id, is_required)
VALUES ('dep-git-diff-analysis-knowledge-scopes-coding-guidelines', 'mv-git-diff-analysis-0-1-0', 'knowledge_scope', 'mod-coding-guidelines', 1)
ON CONFLICT(id) DO UPDATE SET module_version_id = excluded.module_version_id, dependency_kind = excluded.dependency_kind, dependency_id = excluded.dependency_id, is_required = excluded.is_required;

INSERT INTO module_dependencies (id, module_version_id, dependency_kind, dependency_id, is_required)
VALUES ('dep-git-diff-analysis-optional-tools-test-runner', 'mv-git-diff-analysis-0-1-0', 'tool', 'mod-test-runner', 0)
ON CONFLICT(id) DO UPDATE SET module_version_id = excluded.module_version_id, dependency_kind = excluded.dependency_kind, dependency_id = excluded.dependency_id, is_required = excluded.is_required;

INSERT INTO module_dependencies (id, module_version_id, dependency_kind, dependency_id, is_required)
VALUES ('dep-git-diff-analysis-policies-no-destructive-commands', 'mv-git-diff-analysis-0-1-0', 'policy', 'mod-no-destructive-commands', 1)
ON CONFLICT(id) DO UPDATE SET module_version_id = excluded.module_version_id, dependency_kind = excluded.dependency_kind, dependency_id = excluded.dependency_id, is_required = excluded.is_required;

INSERT INTO module_dependencies (id, module_version_id, dependency_kind, dependency_id, is_required)
VALUES ('dep-git-diff-analysis-policies-require-file-references', 'mv-git-diff-analysis-0-1-0', 'policy', 'mod-require-file-references', 1)
ON CONFLICT(id) DO UPDATE SET module_version_id = excluded.module_version_id, dependency_kind = excluded.dependency_kind, dependency_id = excluded.dependency_id, is_required = excluded.is_required;

INSERT INTO module_dependencies (id, module_version_id, dependency_kind, dependency_id, is_required)
VALUES ('dep-git-diff-analysis-required-tools-filesystem-read', 'mv-git-diff-analysis-0-1-0', 'tool', 'mod-filesystem-read', 1)
ON CONFLICT(id) DO UPDATE SET module_version_id = excluded.module_version_id, dependency_kind = excluded.dependency_kind, dependency_id = excluded.dependency_id, is_required = excluded.is_required;

INSERT INTO module_dependencies (id, module_version_id, dependency_kind, dependency_id, is_required)
VALUES ('dep-git-diff-analysis-required-tools-git-read', 'mv-git-diff-analysis-0-1-0', 'tool', 'mod-git-read', 1)
ON CONFLICT(id) DO UPDATE SET module_version_id = excluded.module_version_id, dependency_kind = excluded.dependency_kind, dependency_id = excluded.dependency_id, is_required = excluded.is_required;

INSERT INTO module_dependencies (id, module_version_id, dependency_kind, dependency_id, is_required)
VALUES ('dep-git-diff-analysis-validators-review-findings-contract', 'mv-git-diff-analysis-0-1-0', 'validator', 'mod-review-findings-contract', 1)
ON CONFLICT(id) DO UPDATE SET module_version_id = excluded.module_version_id, dependency_kind = excluded.dependency_kind, dependency_id = excluded.dependency_id, is_required = excluded.is_required;

INSERT INTO module_dependencies (id, module_version_id, dependency_kind, dependency_id, is_required)
VALUES ('dep-project-memory-policies-no-destructive-commands', 'mv-project-memory-0-1-0', 'policy', 'mod-no-destructive-commands', 1)
ON CONFLICT(id) DO UPDATE SET module_version_id = excluded.module_version_id, dependency_kind = excluded.dependency_kind, dependency_id = excluded.dependency_id, is_required = excluded.is_required;

INSERT INTO module_dependencies (id, module_version_id, dependency_kind, dependency_id, is_required)
VALUES ('dep-project-memory-validators-review-findings-contract', 'mv-project-memory-0-1-0', 'validator', 'mod-review-findings-contract', 1)
ON CONFLICT(id) DO UPDATE SET module_version_id = excluded.module_version_id, dependency_kind = excluded.dependency_kind, dependency_id = excluded.dependency_id, is_required = excluded.is_required;

INSERT INTO module_dependencies (id, module_version_id, dependency_kind, dependency_id, is_required)
VALUES ('dep-research-context-synthesis-knowledge-scopes-architecture-docs', 'mv-research-context-synthesis-0-1-0', 'knowledge_scope', 'mod-architecture-docs', 1)
ON CONFLICT(id) DO UPDATE SET module_version_id = excluded.module_version_id, dependency_kind = excluded.dependency_kind, dependency_id = excluded.dependency_id, is_required = excluded.is_required;

INSERT INTO module_dependencies (id, module_version_id, dependency_kind, dependency_id, is_required)
VALUES ('dep-research-context-synthesis-policies-no-destructive-commands', 'mv-research-context-synthesis-0-1-0', 'policy', 'mod-no-destructive-commands', 1)
ON CONFLICT(id) DO UPDATE SET module_version_id = excluded.module_version_id, dependency_kind = excluded.dependency_kind, dependency_id = excluded.dependency_id, is_required = excluded.is_required;

INSERT INTO module_dependencies (id, module_version_id, dependency_kind, dependency_id, is_required)
VALUES ('dep-research-context-synthesis-validators-research-output-contract', 'mv-research-context-synthesis-0-1-0', 'validator', 'mod-research-output-contract', 1)
ON CONFLICT(id) DO UPDATE SET module_version_id = excluded.module_version_id, dependency_kind = excluded.dependency_kind, dependency_id = excluded.dependency_id, is_required = excluded.is_required;

INSERT INTO module_dependencies (id, module_version_id, dependency_kind, dependency_id, is_required)
VALUES ('dep-task-execution-planning-data-scopes-repository-readonly', 'mv-task-execution-planning-0-1-0', 'data_scope', 'mod-repository-readonly', 1)
ON CONFLICT(id) DO UPDATE SET module_version_id = excluded.module_version_id, dependency_kind = excluded.dependency_kind, dependency_id = excluded.dependency_id, is_required = excluded.is_required;

INSERT INTO module_dependencies (id, module_version_id, dependency_kind, dependency_id, is_required)
VALUES ('dep-task-execution-planning-knowledge-scopes-architecture-docs', 'mv-task-execution-planning-0-1-0', 'knowledge_scope', 'mod-architecture-docs', 1)
ON CONFLICT(id) DO UPDATE SET module_version_id = excluded.module_version_id, dependency_kind = excluded.dependency_kind, dependency_id = excluded.dependency_id, is_required = excluded.is_required;

INSERT INTO module_dependencies (id, module_version_id, dependency_kind, dependency_id, is_required)
VALUES ('dep-task-execution-planning-knowledge-scopes-coding-guidelines', 'mv-task-execution-planning-0-1-0', 'knowledge_scope', 'mod-coding-guidelines', 1)
ON CONFLICT(id) DO UPDATE SET module_version_id = excluded.module_version_id, dependency_kind = excluded.dependency_kind, dependency_id = excluded.dependency_id, is_required = excluded.is_required;

INSERT INTO module_dependencies (id, module_version_id, dependency_kind, dependency_id, is_required)
VALUES ('dep-task-execution-planning-optional-tools-test-runner', 'mv-task-execution-planning-0-1-0', 'tool', 'mod-test-runner', 0)
ON CONFLICT(id) DO UPDATE SET module_version_id = excluded.module_version_id, dependency_kind = excluded.dependency_kind, dependency_id = excluded.dependency_id, is_required = excluded.is_required;

INSERT INTO module_dependencies (id, module_version_id, dependency_kind, dependency_id, is_required)
VALUES ('dep-task-execution-planning-policies-no-destructive-commands', 'mv-task-execution-planning-0-1-0', 'policy', 'mod-no-destructive-commands', 1)
ON CONFLICT(id) DO UPDATE SET module_version_id = excluded.module_version_id, dependency_kind = excluded.dependency_kind, dependency_id = excluded.dependency_id, is_required = excluded.is_required;

INSERT INTO module_dependencies (id, module_version_id, dependency_kind, dependency_id, is_required)
VALUES ('dep-task-execution-planning-required-tools-filesystem-list', 'mv-task-execution-planning-0-1-0', 'tool', 'mod-filesystem-list', 1)
ON CONFLICT(id) DO UPDATE SET module_version_id = excluded.module_version_id, dependency_kind = excluded.dependency_kind, dependency_id = excluded.dependency_id, is_required = excluded.is_required;

INSERT INTO module_dependencies (id, module_version_id, dependency_kind, dependency_id, is_required)
VALUES ('dep-task-execution-planning-required-tools-filesystem-read', 'mv-task-execution-planning-0-1-0', 'tool', 'mod-filesystem-read', 1)
ON CONFLICT(id) DO UPDATE SET module_version_id = excluded.module_version_id, dependency_kind = excluded.dependency_kind, dependency_id = excluded.dependency_id, is_required = excluded.is_required;

INSERT INTO module_dependencies (id, module_version_id, dependency_kind, dependency_id, is_required)
VALUES ('dep-task-execution-planning-required-tools-git-read', 'mv-task-execution-planning-0-1-0', 'tool', 'mod-git-read', 1)
ON CONFLICT(id) DO UPDATE SET module_version_id = excluded.module_version_id, dependency_kind = excluded.dependency_kind, dependency_id = excluded.dependency_id, is_required = excluded.is_required;

INSERT INTO module_dependencies (id, module_version_id, dependency_kind, dependency_id, is_required)
VALUES ('dep-task-execution-planning-validators-task-execution-output-contract', 'mv-task-execution-planning-0-1-0', 'validator', 'mod-task-execution-output-contract', 1)
ON CONFLICT(id) DO UPDATE SET module_version_id = excluded.module_version_id, dependency_kind = excluded.dependency_kind, dependency_id = excluded.dependency_id, is_required = excluded.is_required;

INSERT INTO policy_bindings (id, policy_id, target_kind, target_id, effect, priority)
VALUES ('pb-no-destructive-commands-dependency-audit', 'mod-no-destructive-commands', 'module', 'mod-dependency-audit', 'allow', 100)
ON CONFLICT(id) DO UPDATE SET policy_id = excluded.policy_id, target_kind = excluded.target_kind, target_id = excluded.target_id, effect = excluded.effect, priority = excluded.priority;

INSERT INTO policy_bindings (id, policy_id, target_kind, target_id, effect, priority)
VALUES ('pb-no-destructive-commands-document-synthesis', 'mod-no-destructive-commands', 'module', 'mod-document-synthesis', 'allow', 100)
ON CONFLICT(id) DO UPDATE SET policy_id = excluded.policy_id, target_kind = excluded.target_kind, target_id = excluded.target_id, effect = excluded.effect, priority = excluded.priority;

INSERT INTO policy_bindings (id, policy_id, target_kind, target_id, effect, priority)
VALUES ('pb-no-destructive-commands-general-task-summary', 'mod-no-destructive-commands', 'module', 'mod-general-task-summary', 'allow', 100)
ON CONFLICT(id) DO UPDATE SET policy_id = excluded.policy_id, target_kind = excluded.target_kind, target_id = excluded.target_id, effect = excluded.effect, priority = excluded.priority;

INSERT INTO policy_bindings (id, policy_id, target_kind, target_id, effect, priority)
VALUES ('pb-no-destructive-commands-git-diff-analysis', 'mod-no-destructive-commands', 'module', 'mod-git-diff-analysis', 'allow', 100)
ON CONFLICT(id) DO UPDATE SET policy_id = excluded.policy_id, target_kind = excluded.target_kind, target_id = excluded.target_id, effect = excluded.effect, priority = excluded.priority;

INSERT INTO policy_bindings (id, policy_id, target_kind, target_id, effect, priority)
VALUES ('pb-no-destructive-commands-project-memory', 'mod-no-destructive-commands', 'module', 'mod-project-memory', 'allow', 100)
ON CONFLICT(id) DO UPDATE SET policy_id = excluded.policy_id, target_kind = excluded.target_kind, target_id = excluded.target_id, effect = excluded.effect, priority = excluded.priority;

INSERT INTO policy_bindings (id, policy_id, target_kind, target_id, effect, priority)
VALUES ('pb-no-destructive-commands-research-context-synthesis', 'mod-no-destructive-commands', 'module', 'mod-research-context-synthesis', 'allow', 100)
ON CONFLICT(id) DO UPDATE SET policy_id = excluded.policy_id, target_kind = excluded.target_kind, target_id = excluded.target_id, effect = excluded.effect, priority = excluded.priority;

INSERT INTO policy_bindings (id, policy_id, target_kind, target_id, effect, priority)
VALUES ('pb-no-destructive-commands-task-execution-planning', 'mod-no-destructive-commands', 'module', 'mod-task-execution-planning', 'allow', 100)
ON CONFLICT(id) DO UPDATE SET policy_id = excluded.policy_id, target_kind = excluded.target_kind, target_id = excluded.target_id, effect = excluded.effect, priority = excluded.priority;

INSERT INTO policy_bindings (id, policy_id, target_kind, target_id, effect, priority)
VALUES ('pb-require-file-references-git-diff-analysis', 'mod-require-file-references', 'module', 'mod-git-diff-analysis', 'allow', 100)
ON CONFLICT(id) DO UPDATE SET policy_id = excluded.policy_id, target_kind = excluded.target_kind, target_id = excluded.target_id, effect = excluded.effect, priority = excluded.priority;

INSERT INTO scope_bindings (id, scope_id, scope_kind, principal_kind, principal_id, policy_id, effect)
VALUES ('sb-repository-maintainer-architecture-docs', 'mod-architecture-docs', 'knowledge_scope', 'role', 'repository-maintainer', 'mod-no-destructive-commands', 'allow')
ON CONFLICT(id) DO UPDATE SET scope_id = excluded.scope_id, scope_kind = excluded.scope_kind, principal_kind = excluded.principal_kind, principal_id = excluded.principal_id, policy_id = excluded.policy_id, effect = excluded.effect;

INSERT INTO scope_bindings (id, scope_id, scope_kind, principal_kind, principal_id, policy_id, effect)
VALUES ('sb-repository-maintainer-coding-guidelines', 'mod-coding-guidelines', 'knowledge_scope', 'role', 'repository-maintainer', 'mod-no-destructive-commands', 'allow')
ON CONFLICT(id) DO UPDATE SET scope_id = excluded.scope_id, scope_kind = excluded.scope_kind, principal_kind = excluded.principal_kind, principal_id = excluded.principal_id, policy_id = excluded.policy_id, effect = excluded.effect;

INSERT INTO scope_bindings (id, scope_id, scope_kind, principal_kind, principal_id, policy_id, effect)
VALUES ('sb-repository-maintainer-demo-tenant-website-read', 'mod-demo-tenant-website-read', 'data_scope', 'role', 'repository-maintainer', 'mod-no-destructive-commands', 'allow')
ON CONFLICT(id) DO UPDATE SET scope_id = excluded.scope_id, scope_kind = excluded.scope_kind, principal_kind = excluded.principal_kind, principal_id = excluded.principal_id, policy_id = excluded.policy_id, effect = excluded.effect;

INSERT INTO scope_bindings (id, scope_id, scope_kind, principal_kind, principal_id, policy_id, effect)
VALUES ('sb-repository-maintainer-inactive-demo-tenant-website-read', 'mod-inactive-demo-tenant-website-read', 'data_scope', 'role', 'repository-maintainer', 'mod-no-destructive-commands', 'allow')
ON CONFLICT(id) DO UPDATE SET scope_id = excluded.scope_id, scope_kind = excluded.scope_kind, principal_kind = excluded.principal_kind, principal_id = excluded.principal_id, policy_id = excluded.policy_id, effect = excluded.effect;

INSERT INTO scope_bindings (id, scope_id, scope_kind, principal_kind, principal_id, policy_id, effect)
VALUES ('sb-repository-maintainer-knowledge-demo-tenant-docs', 'mod-knowledge-demo-tenant-docs', 'knowledge_scope', 'role', 'repository-maintainer', 'mod-no-destructive-commands', 'allow')
ON CONFLICT(id) DO UPDATE SET scope_id = excluded.scope_id, scope_kind = excluded.scope_kind, principal_kind = excluded.principal_kind, principal_id = excluded.principal_id, policy_id = excluded.policy_id, effect = excluded.effect;

INSERT INTO scope_bindings (id, scope_id, scope_kind, principal_kind, principal_id, policy_id, effect)
VALUES ('sb-repository-maintainer-knowledge-inactive-demo-tenant-docs', 'mod-knowledge-inactive-demo-tenant-docs', 'knowledge_scope', 'role', 'repository-maintainer', 'mod-no-destructive-commands', 'allow')
ON CONFLICT(id) DO UPDATE SET scope_id = excluded.scope_id, scope_kind = excluded.scope_kind, principal_kind = excluded.principal_kind, principal_id = excluded.principal_id, policy_id = excluded.policy_id, effect = excluded.effect;

INSERT INTO scope_bindings (id, scope_id, scope_kind, principal_kind, principal_id, policy_id, effect)
VALUES ('sb-repository-maintainer-knowledge-liquisto-docs', 'mod-knowledge-liquisto-docs', 'knowledge_scope', 'role', 'repository-maintainer', 'mod-no-destructive-commands', 'allow')
ON CONFLICT(id) DO UPDATE SET scope_id = excluded.scope_id, scope_kind = excluded.scope_kind, principal_kind = excluded.principal_kind, principal_id = excluded.principal_id, policy_id = excluded.policy_id, effect = excluded.effect;

INSERT INTO scope_bindings (id, scope_id, scope_kind, principal_kind, principal_id, policy_id, effect)
VALUES ('sb-repository-maintainer-liquisto-website-read', 'mod-liquisto-website-read', 'data_scope', 'role', 'repository-maintainer', 'mod-no-destructive-commands', 'allow')
ON CONFLICT(id) DO UPDATE SET scope_id = excluded.scope_id, scope_kind = excluded.scope_kind, principal_kind = excluded.principal_kind, principal_id = excluded.principal_id, policy_id = excluded.policy_id, effect = excluded.effect;

INSERT INTO scope_bindings (id, scope_id, scope_kind, principal_kind, principal_id, policy_id, effect)
VALUES ('sb-repository-maintainer-project-memory', 'mod-project-memory', 'memory_scope', 'role', 'repository-maintainer', 'mod-no-destructive-commands', 'allow')
ON CONFLICT(id) DO UPDATE SET scope_id = excluded.scope_id, scope_kind = excluded.scope_kind, principal_kind = excluded.principal_kind, principal_id = excluded.principal_id, policy_id = excluded.policy_id, effect = excluded.effect;

INSERT INTO scope_bindings (id, scope_id, scope_kind, principal_kind, principal_id, policy_id, effect)
VALUES ('sb-repository-maintainer-repository-readonly', 'mod-repository-readonly', 'data_scope', 'role', 'repository-maintainer', 'mod-no-destructive-commands', 'allow')
ON CONFLICT(id) DO UPDATE SET scope_id = excluded.scope_id, scope_kind = excluded.scope_kind, principal_kind = excluded.principal_kind, principal_id = excluded.principal_id, policy_id = excluded.policy_id, effect = excluded.effect;
